student_id,disability_type,baseline_mastery,sensory_sensitivity,executive_function,reading_level_baseline,consent_disposition,trust_growth_rate,engagement_capacity
S0000,Physical_Sensory,0.3238405372353631,0.6789297931266339,0.1879453999598021,0.400777967298853,0.6599606018958379,0.06264752739545904,0.7027474900278721
S0001,ADHD,0.3950982696405951,0.5431449435602028,0.5578426147318256,0.4293071373908198,0.37615565611367724,0.06041243991621416,0.761074282930507
S0002,Mixed,0.2803961252455479,0.5381253746192914,0.6641129512864578,0.45427194169074747,0.7172087137519976,0.10051864263160455,0.9985242260491736
S0003,ID,0.14969437546035513,0.32763002591046614,0.7374071988920127,0.19651002235913292,0.25992305709326663,0.049775546270081905,0.8482420097058677
S0004,ASD,0.4819543805137205,0.865669027070976,0.7989342487580777,0.168627308829766,0.5924212425215035,0.10128940921638357,1.0515632697546489
S0005,Mixed,0.34804092397593234,0.3271311834916648,0.04986963520226594,0.26689149669963197,0.905347460378703,0.07669601681739127,0.8529554682949226
S0006,Physical_Sensory,0.5983584682932885,0.5637776196274008,0.4788850995554906,0.2552892335482987,0.6786881150145193,0.07808331000714286,0.8588923825253787
S0007,Physical_Sensory,0.3612625899661682,0.8394417152902891,0.4589846242695503,0.3034263979041246,0.6169456169662703,0.0458382458917335,0.9265796679987406
S0008,ASD,0.24457602934881237,0.7131966797328456,0.43729146455446166,0.49520659631350067,0.5039268454689537,0.07706566739742828,0.5952314939225881
S0009,Dyslexia,0.5029382993631841,0.5699350031936324,0.5576094793379874,0.2246606265512893,0.8709501690420912,0.09227171032022752,0.8829841845098857
S0010,ADHD,0.4314014138883938,0.8687418157150394,0.6006049666066471,0.4294591907515283,0.65448086624701,0.05327179824296038,0.8575916033384331
S0011,Mixed,0.44293013783444224,0.3025123093139364,0.057422391356331565,0.2163544884936608,0.4196104402912546,0.08997271734503691,1.011094141496043
S0012,Dyslexia,0.49857747565502164,0.7482986893157841,0.6105712019507049,0.18075366956185826,0.7273951175003899,0.08178024507358045,0.95895819156089
S0013,Physical_Sensory,0.2773698389293761,0.550147132774331,0.7101076545617406,0.48808864926172607,0.3436216720209334,0.06712488772335387,0.7491210835898482
S0014,ADHD,0.3404349971126369,0.6332120877954319,0.41151925215570334,0.4892428687265203,0.7681774469766794,0.0970934617298261,0.9867041140072863
S0015,ADHD,0.33513141441233624,0.4928432421629189,0.3700108605600811,0.2913139257718138,0.6752555567342987,0.03595486462042888,0.8362587995864287
S0016,Dyslexia,0.20081580976099725,0.20961912535337598,0.8660611202126209,0.27424935795693306,0.7595267958411305,0.08693361497487419,0.7720449295149238
S0017,ASD,0.32407457617188223,0.5857369882827215,0.5175602022231488,0.7298271780223498,0.5012338416282854,0.11238870316146585,0.8822005772316485
S0018,Physical_Sensory,0.5160709291360903,0.6534246431087495,0.06063455385100611,0.3973603106116543,0.6732886814212815,0.10879886278201323,0.8422133165781465
S0019,Dyslexia,0.3841859666461331,0.36264849825364204,0.1463213748724194,0.14602195807863325,0.8718459987039737,0.08779613441077046,1.0163367835473807
S0020,Physical_Sensory,0.1941780348494729,0.4209596268427236,0.6123631931298299,0.373935641595676,0.35562671825793596,0.07396638447738309,0.8965524549936492
S0021,ADHD,0.16900466479107926,0.619327402401684,0.3117466096201034,0.41382656612902496,0.47101189800414195,0.06728394886904739,0.8830561442331288
S0022,Mixed,0.555478521240664,0.42967531691596317,0.3691061200860895,0.3773247428964176,0.34143043707888365,0.07394148412188715,0.9525549604300723
S0023,Mixed,0.34486711296025585,0.4593158043270476,0.6907547210868228,0.39529679489852476,0.7328083605918032,0.09087614495835812,0.9717774139537995
S0024,Physical_Sensory,0.27801616950667735,0.6785629409385198,0.24029330530592677,0.1834829804594741,0.7559039416368231,0.06385512389081167,0.9408507615742582
S0025,ASD,0.3228263824032311,0.7676685398501619,0.27279675137928866,0.25560542873710734,0.19795915553460405,0.09514847636100762,1.0044365994260236
S0026,Dyslexia,0.17842846367279158,0.42540066416128947,0.5687922554165745,0.22759971443927537,0.6459768195505281,0.12266321036006647,0.923358493435907
S0027,ASD,0.5264768121322658,0.7547035924743642,0.4715370373399678,0.3752098044966345,0.37628006908191053,0.07876233529745211,0.8792553986171984
S0028,ASD,0.3085390416805479,0.8106719999086486,0.7511784687813701,0.31507160877099993,0.7354249033483803,0.053112103934333896,0.9864074583533312
S0029,ID,0.4197935775194821,0.8207763481078002,0.20189737006107109,0.3734479620885345,0.2897064674840501,0.05310510507367175,0.8534006381363144
S0030,ID,0.26190359992454926,0.8726470754122867,0.5586049370359789,0.40915222831213083,0.5390456341172762,0.09553131103423151,0.8658149037789944
S0031,Mixed,0.5272492311390842,0.16468339802395499,0.5950398831549785,0.5334120184786788,0.8166553330791304,0.07880507642079113,1.0346479438742198
S0032,ADHD,0.3865087340760417,0.5199491030676098,0.2873440628529749,0.3851182397160924,0.6743723046627991,0.09753661792128106,1.0246826649400513
S0033,ADHD,0.45809331373516055,0.8161501434303743,0.0,0.459865480794738,0.46670080866077684,0.06932731501681301,0.861672671452196
S0034,Dyslexia,0.44199655972147184,0.49026813960353016,0.5548342214227835,0.16875995478491188,0.2461338300644171,0.09661247095079664,0.8171350944139666
S0035,ASD,0.4305003221411079,0.9320549120997256,0.43860699336283676,0.4858143585397723,0.5311381616422606,0.0768340165310055,1.008807602165378
S0036,ASD,0.3974575314527967,0.7687634309423421,0.2872027796748722,0.4563595446418535,0.6464627215185272,0.06534991889352101,0.9425320879360497
S0037,Dyslexia,0.32776330825700123,0.2488839268552853,0.4411491411660861,0.3798725504769729,0.9959050850581832,0.07198003042395232,0.8940483775642646
S0038,ADHD,0.5855575571796147,0.2362426990013842,0.01368644846844666,0.5070190693666732,0.8363296725006962,0.05605891289153527,0.8303029811255338
S0039,ID,0.14687295597936337,0.5960267413884549,0.7445974410777475,0.48831034343217194,0.5435226469721499,0.11978719117163222,0.8956599100159877
S0040,ADHD,0.3562223112720506,0.4135362291502773,0.17693574406792012,0.385237388701333,0.8630883075768984,0.07807236372883027,0.860319406155758
S0041,Physical_Sensory,0.3574916992157829,0.6657688448787754,0.47444418744555733,0.4367408840566702,0.6104946233778589,0.09289028177364392,0.7960564341872287
S0042,ID,0.303998284592094,0.6412668055734208,0.29397466309533227,0.559526339267729,0.6894575528049569,0.06926261734258402,0.8753944850032518
S0043,ADHD,0.3041686766835313,0.3239087250822304,0.0,0.30218881458958086,0.9246847805904097,0.05896144356040354,0.889032656708489
S0044,Physical_Sensory,0.393474950861622,0.6263651971177016,0.6767977685338706,0.3057388331954702,0.3430254378527639,0.0753223897816413,0.8249507454525051
S0045,Physical_Sensory,0.3354442839665155,0.8298841456355351,0.26381498347563587,0.4272147096925543,0.5040036468981013,0.10202385066758397,0.95287282100548
S0046,ADHD,0.16587109209832354,0.8583995463709877,0.30710972158453137,0.46229195353981806,0.671329852563505,0.06958536417203433,0.9913734913756271
S0047,ADHD,0.35685166854169303,0.5132066693170811,0.17295158606843825,0.2763840251103994,0.8045582703839891,0.0625893605454117,0.9594800215100695
S0048,ID,0.12363755422725323,0.7486552384076908,0.7529395065713779,0.3887856154880038,0.6569801779478593,0.08310928488738287,0.8348654136231287
S0049,ASD,0.14757910269700333,0.5720197217624003,0.4705870323033933,0.3859001838656823,0.8219409461147614,0.08998045201435488,0.9380724025633654
S0050,ASD,0.37213019267359765,0.47038805870358924,0.8352258778884569,0.06770798265947942,0.8868758788363,0.11285696337706366,0.8702863918905323
S0051,ASD,0.4142513952332194,0.3416194901197699,0.6362650919883336,0.36706090161118604,0.9041149359553979,0.0870750095674499,0.738915654287933
S0052,Physical_Sensory,0.4189091592434206,0.8520593370388508,0.501265537534483,0.3764023250727301,0.6993655554310102,0.0928798535706247,0.9297631899943029
S0053,ID,0.3237658790332347,0.3510034646007653,0.24663924268949458,0.3759560585765471,0.6595196421639631,0.09438550473840643,0.877103416240223
S0054,ID,0.05,0.38258201422925026,0.7287864186709342,0.6123871411865902,0.86389386364942,0.0569396923613474,1.1
S0055,Physical_Sensory,0.1923833628419751,0.40385774402739005,0.40263792212228655,0.21763025522366872,0.5994016138082009,0.06073335859060912,1.0082173384723843
S0056,Dyslexia,0.5925279666085119,0.3139125221846255,0.6825397215372595,0.12630661431930815,0.6387189662606095,0.058322074207886994,0.9336052678379807
S0057,Dyslexia,0.23004034298162712,0.33756748281891824,0.8970775991199585,0.05,0.6437456999122019,0.05335708488616709,0.8874073022733462
S0058,ASD,0.4290063179272741,0.9860003648201283,0.8737270826012965,0.3278625000738789,0.766244519546787,0.09590919749740807,0.8788624776503301
S0059,ASD,0.2732728795909699,0.6126819058018376,0.7092596221483572,0.3406534668810999,0.537278713717043,0.0858010018332751,0.7621213117812174
S0060,ID,0.26526612290297913,0.6640728696518104,0.44331963459044904,0.3235034235498616,0.8009075671759804,0.081589921261829,0.6885915294245372
S0061,Dyslexia,0.27971488991804017,0.12109618193612647,0.37896604188594346,0.416151600922564,0.5900358771089201,0.02814566969195463,0.7752343412363717
S0062,Dyslexia,0.4230903327452288,0.479785954956119,0.04928970801235355,0.37909262835054447,0.5296227797185292,0.12110953717237237,0.8577185503274852
S0063,Physical_Sensory,0.37211828826887533,0.511422410093308,0.4777914314389868,0.41167850864009564,0.35284247181730255,0.06211455991692889,0.6519363243236298
S0064,Dyslexia,0.3019106213535634,0.060746708412725815,0.46339985687109125,0.1944080419690207,0.8324017196964502,0.12103625511877916,0.8080580729172533
S0065,Dyslexia,0.2296847398291862,0.32834419401357734,0.7855205487620446,0.4039284502160295,0.5006843096522096,0.05101517038697368,0.8377289488320856
S0066,Dyslexia,0.38783829788997276,0.21119949139398117,0.21638708090396472,0.24703632102462228,0.5870747144491372,0.06375197682886927,0.8409475967959824
S0067,ADHD,0.21017913830576063,0.5239504686416967,0.4028292213192444,0.27725949416223133,0.22900999028746283,0.0359430123498074,0.7963178923257137
S0068,ASD,0.407003119245372,1.0,0.4565183949356926,0.14256269837731728,0.6484284836501669,0.08724249951885395,0.8283388707063882
S0069,ADHD,0.6708835832752995,0.9268854377006999,0.18134001957919216,0.33380282591564764,0.42895246217539656,0.057974863583775356,1.0348796349569145
S0070,ADHD,0.5177258003423129,0.3247667802715581,0.12318731606695682,0.5131965425758913,0.7073376212676418,0.05853999691803292,0.9287047802935885
S0071,ADHD,0.441907140618171,0.2342303152711787,0.2961817011078607,0.7414808034314635,0.47151341476715736,0.05254971565651205,0.8064601744547133
S0072,Mixed,0.34543251846193374,0.762199766150595,0.28038531815871826,0.40924155192842143,0.6244572788823602,0.09554710125475727,0.8556554733083319
S0073,ADHD,0.1230550789504484,0.2989861108812833,0.3702431010532255,0.28519667273195437,0.19293370203301535,0.09422927303135094,0.8596589185793015
S0074,ASD,0.19703102668284933,0.6785296088564223,0.6332773475299805,0.22225521875736795,0.8051380354815836,0.11624067782157571,0.7856947087705131
S0075,ADHD,0.5096405369231971,0.7681547783421726,0.0,0.4827932344458398,0.4911852067347336,0.06628586757854053,0.7855772303701427
S0076,ADHD,0.26093466457589787,0.7182308048224002,0.1856407889284859,0.13530759214235977,0.3734382477644062,0.084376387420936,0.9635426541771995
S0077,ID,0.17179514241118585,0.39521135560857124,0.42233698200376557,0.4825517652107333,0.9871747795661023,0.05421329605196097,0.8205118143928466
S0078,Dyslexia,0.33582733710878887,0.8830790026880017,0.7158546906347657,0.3726567409394368,0.5629534189056278,0.07329921954529364,0.7530206134414411
S0079,Physical_Sensory,0.22825984312928488,0.3227149814540316,0.6462598018563906,0.4654419179849296,0.5061780677158605,0.06962309373437645,0.858176217737584
S0080,ID,0.10849314604467508,0.16144205650968704,0.7105561610780848,0.36705074920921643,0.26949387047100704,0.08928899914990841,0.8742912274574406
S0081,ADHD,0.3496485054571008,0.348108721085953,0.7622788492272512,0.4847410980320222,0.7105422512213797,0.10034043612836382,0.6652198297251447
S0082,Physical_Sensory,0.24872185963022708,0.8655079331187326,0.6705477059342903,0.42564075566924503,0.7591645881299511,0.09982133381663,0.8584156163628089
S0083,ASD,0.26678316461740403,1.0,0.6263864739346102,0.28328142372091125,0.6351594153652893,0.06314375455564779,0.9492882455793543
S0084,ASD,0.2619624710532307,0.6978104417287481,0.7440097611302436,0.6775618483562539,0.8639451433157722,0.09996935809245999,0.9076131906967115
S0085,ASD,0.41838861985100767,0.38586371541401626,0.33156190828435983,0.3472480930584226,0.6435169950791032,0.07911829725784406,1.0854697636640254
S0086,ID,0.22785031133142855,0.778568596969208,0.787008371058649,0.5163628450674864,0.7815118520169311,0.0735080620820597,0.9876012003757462
S0087,Dyslexia,0.334276758043609,0.4826899008736303,0.6786218978064532,0.05,0.41566316164228556,0.06582977026362163,1.0073836546196135
S0088,ASD,0.42733890186793744,0.6655796225589055,0.5563958396584777,0.5914706324171394,0.4590653068271642,0.06880128411276897,1.1
S0089,Dyslexia,0.3386606412029186,0.08986723010636741,0.5493148544545003,0.4703145616981873,0.7791315216011141,0.11484627692392467,0.938305878321988
S0090,ASD,0.3223149419760107,0.5202444981773899,0.5828459348062619,0.40447506806899575,0.35999793261538354,0.08614821532988047,0.8787972729377983
S0091,ID,0.3121594368592919,0.8094589923980255,0.7844172516817262,0.4838156552106638,0.5836191713844853,0.0834922369500241,0.9598642814876615
S0092,ADHD,0.4358891354177872,0.7151755212418327,0.6907450398299884,0.48377727724113445,0.3811974959779889,0.07475506282926106,0.8065666088050288
S0093,ADHD,0.3380565742498389,0.8756327679373694,0.7469139495518986,0.3035824645538914,0.7124705153830088,0.12891957222876058,0.8732588840940252
S0094,ADHD,0.36537832726533404,0.40603334374941413,0.08943190462305206,0.4820683458159011,0.33484678461022943,0.1061002097769285,0.7977174878366968
S0095,Dyslexia,0.2618905666228721,0.5674751196965007,0.5454519019055459,0.1287054295191167,0.7069771159405333,0.06557875770402415,0.9022887079008164
S0096,ADHD,0.25242342901112835,0.7803225992108526,0.159543094886908,0.3086864614532011,0.32797808674139267,0.07452769890590752,0.7972993433425463
S0097,ASD,0.44800309442688835,0.9641932170440907,0.27361619835617396,0.5690414714818448,0.4740413644706271,0.0757151091325818,0.7937974021583565
S0098,ASD,0.40909844169622606,0.9819563548472597,0.11408434830596147,0.5461986536050304,0.6989345562167834,0.08291743956565199,0.9038375814550786
S0099,Mixed,0.41034120680086056,0.5215704529953019,0.0763078151657669,0.29404367468263115,0.8768784992550696,0.0659754801473713,0.8487191080664716
S0100,Mixed,0.3894079160379341,0.7567471261390529,0.2527773377327535,0.28996354847484396,0.628175749243182,0.08877633046723393,0.6697381385728536
S0101,ID,0.2612497872886659,0.7344668805111078,0.048577228970954685,0.3031605096313492,0.3515244560164436,0.10904176264078629,0.7169345600133192
S0102,ADHD,0.43927482108960375,0.2662147594560575,0.32254818149192527,0.5098959349698237,0.7676377006178715,0.053727437819916735,0.7477636029983818
S0103,Mixed,0.4679184455136055,0.07294347341199668,0.3583300254777604,0.25000228287844045,0.6727889497107442,0.05743706525815866,0.7741930615331308
S0104,Physical_Sensory,0.46505275481374914,0.9589709655342841,0.6647094579508502,0.4535068958553929,0.3363261746185321,0.07033682889405386,0.903932585092392
S0105,ID,0.24361204427735303,0.3531544215524313,0.65304991138344,0.5120270215951442,0.627288537514746,0.0712640887978434,0.8843841368516918
S0106,ADHD,0.522144521779932,0.5383607146276402,0.0,0.386763182456035,0.8136197018222673,0.11996931749491863,0.9690181893144482
S0107,ADHD,0.38312067599875,0.4132566409971858,0.09947682744868391,0.5515095545297392,0.728235218278854,0.10003418440029678,0.9377704344387053
S0108,ASD,0.4315905372987673,0.69965847967573,0.301872006408964,0.35435347457653116,0.3486422715132085,0.09888644704236528,0.969680547762794
S0109,Mixed,0.389555941091057,0.6462363935284333,0.2645039558676802,0.36792165985091285,0.8335464196998962,0.07471268612973199,0.9233298712904405
S0110,Dyslexia,0.38534619908897233,0.71007406972556,0.3192633238550736,0.10341306533022157,0.26865701358843413,0.07427373186426373,0.8834581830536772
S0111,ADHD,0.26741515536083305,0.3112593529676283,0.4173811824866362,0.5525766021430308,0.8518966980355837,0.05096589172469203,0.9724254263732938
S0112,ADHD,0.43986749479225057,0.789932075551697,0.10246557190375388,0.28502193295316947,0.8482107181975383,0.09563480456095635,0.9544315313185382
S0113,Dyslexia,0.6971407215797881,0.4050458878853319,0.34889118654494156,0.30246577265725894,0.8342686740546021,0.08982109209617571,0.9000997888999274
S0114,ASD,0.31072998521606143,0.7411649319301103,0.806820560047385,0.38930258993110983,0.1877130353453525,0.10571994729356568,0.9895974392305424
S0115,Mixed,0.3642247600418652,0.7350978832293581,0.3509472300924264,0.24208254053325065,0.7160757494875267,0.07578340573287666,0.6279114278941885
S0116,Physical_Sensory,0.3021607624692,1.0,0.5603504189288487,0.3086345284265019,0.2897232955953755,0.07716441707599206,0.8334439347304833
S0117,ID,0.1971430060034393,0.2836384748972197,0.303394921697671,0.6074308358561101,0.7731104121778676,0.08340091057121271,0.8319112055793552
S0118,ADHD,0.5410393315651122,0.4895947442368026,0.20126120360120875,0.4302486313951721,0.4340044296455492,0.09783795151014191,0.9777585398926852
S0119,Dyslexia,0.27494887206357566,0.3032824516696105,0.44943269203245756,0.09862744879497376,0.6773243281143296,0.050595687558050426,1.0196297518396051
S0120,Dyslexia,0.2988157373869081,0.664749943347827,0.5894419256519492,0.29579924310230377,0.8580246245926602,0.0947211226747675,0.717472315123502
S0121,Dyslexia,0.16520625534311528,0.3318738076877617,0.4270441168922127,0.22808289526081824,0.3665226111092205,0.07959008875654339,1.0036069695594558
S0122,ASD,0.2647919872458018,1.0,0.45661167835296007,0.9181069603366272,0.6531984272712896,0.05882725464092607,0.7453457335419014
S0123,ADHD,0.15069740703646972,0.5179023903324186,0.557027646437434,0.4427685762013409,0.7289254969957989,0.03830788494691867,0.748368727588446
S0124,ASD,0.4315219580963029,1.0,0.5171469411997249,0.34290627294004533,0.6917643701281315,0.07727052576243293,0.8390616819117918
S0125,Dyslexia,0.6916690608113485,0.138087608423846,0.40289311384277043,0.4630041876680656,0.46832775227323753,0.1089542596654814,0.8306696049312697
S0126,ADHD,0.3117039389528088,0.4031716586944491,0.29970323711782376,0.1238445749060732,0.2599466144625845,0.1134936933348279,0.7066485241728406
S0127,ASD,0.15569444223204296,0.8302298793413706,0.7770583146061872,0.4141480234571646,0.5285472282535958,0.08710752421340193,0.9274780494937849
S0128,ASD,0.4637053539224394,0.765524638782809,0.4900922672051855,0.6991642742021609,0.2042352038652434,0.11924011327684494,0.9304304946171884
S0129,Dyslexia,0.26847439911925264,0.600837279338056,0.5799261270880737,0.23257010734603692,0.6860382318386679,0.0791411783408651,0.9678944117608953
S0130,ASD,0.5116270258572962,0.6918683157031862,0.7036333286257481,0.14000484330278823,0.8445851587793505,0.09906607103285563,0.8191447191667417
S0131,Mixed,0.3218619084560781,0.2593118978796513,0.5380978793554224,0.34061230533841036,0.5312244728724836,0.07097538222187146,0.8585319806472834
S0132,Dyslexia,0.27988751150093777,0.434130951486064,0.7228241611753231,0.46817770614385557,0.7111393978858791,0.06970802321431703,0.859447535654264
S0133,ADHD,0.33435048750138907,0.7616559323318313,0.5100077645778909,0.4564104394481157,0.366423389137901,0.06644981766238728,1.0312897962913747
S0134,Dyslexia,0.4466386055032139,0.5553983121069674,0.9032463062537408,0.12417158357312233,0.42225183685036966,0.038789421057513755,0.5790657738812064
S0135,ASD,0.32841491850019267,0.7627732082045946,0.2893686129935108,0.2972135789231464,0.4154001352958861,0.10574184519893823,0.7667958172456179
S0136,Mixed,0.2960984298556268,0.31335761007644575,0.7193196757585161,0.316044959327528,0.5201388778846372,0.06716735121723967,0.863044336423708
S0137,Dyslexia,0.33184560183340683,0.7839050422742401,0.8718936009106543,0.30417968260809947,0.46071899523097115,0.06397122440489608,0.753933228652978
S0138,Physical_Sensory,0.20308277205076525,0.7706870648710082,0.4948277107997995,0.600729419940798,0.5935013275319648,0.05640056636774649,0.8366582164174164
S0139,ASD,0.40334918646614903,0.7853810984160319,0.579401370861188,0.5578634519198756,0.5987693957233223,0.07591281126927434,0.8498826985075373
S0140,Dyslexia,0.14129820292948223,0.49166409207123646,0.7577009339441084,0.31840182731636923,0.8004402707378753,0.11526984621119485,0.7967216412652813
S0141,Dyslexia,0.3024108196670096,0.10763325935868875,0.5598760759968873,0.050253285991377544,0.44851109856920396,0.12187557701645435,0.8689371447547954
S0142,Mixed,0.44683161925056064,0.44793674226241487,0.3933476247783959,0.20081012290098385,0.9281776359126299,0.046782662483958334,0.9253051799203096
S0143,Dyslexia,0.39207118814279746,0.259586427765467,0.6185083066689123,0.32998780318206455,0.2971516849706321,0.07291104008047436,0.8388636076414281
S0144,Dyslexia,0.4265438629492383,0.29509630964549316,0.694670484763938,0.05,0.8452307271350064,0.05931284459812603,0.8171707787476546
S0145,ADHD,0.34789991346461435,0.3000362690173147,0.08277192735057015,0.3661649468397094,0.44724284356525024,0.09976675482423039,0.845913760479141
S0146,ADHD,0.49607493590913343,0.40239484213081567,0.2453143854553812,0.44562256692792657,0.5532454598899259,0.08573187094587853,0.8617466174799693
S0147,Dyslexia,0.46666929780324645,0.1613080184187423,0.7201821693003411,0.0793609006955967,0.7114901503807457,0.0672686134524033,0.6884582956110861
S0148,ADHD,0.40924231470059236,0.15377086605769136,0.5515493446911104,0.2463606498461705,0.9070338528847949,0.08145146161182037,0.9086456439406561
S0149,ASD,0.4670108874684966,0.7239895815082313,0.710709717059692,0.3858818403148272,0.3481631863880117,0.07045162757184584,0.8173901291998488
S0150,Physical_Sensory,0.44575622071930066,0.39844742678507566,0.22721189778449744,0.4755475431286081,0.3660767013580476,0.11228492188749793,0.9886437596256333
S0151,Mixed,0.3029697725892446,0.3696272390795004,0.8389988321977551,0.5592278155620636,0.6514911703965909,0.09093919030032077,0.9215955997087757
S0152,ASD,0.1944375247879114,0.5979256833341613,0.5700658099319836,0.4910580152155828,0.5550986785938367,0.09339646841832876,0.9794968925664937
S0153,Dyslexia,0.4061488492919863,0.5364085265322512,0.7303097909890478,0.2610484892488292,0.4716008599928966,0.02666165043934205,0.7613898727730374
S0154,ASD,0.42123610189064287,0.6653530753592103,0.291975528507262,0.2880707869664426,0.17291524255336174,0.07866422642342379,0.8253515880257856
S0155,ID,0.38656203312749926,0.48591159757495533,0.7280161456146136,0.23936395062332214,0.8665784840728954,0.12166421918118069,0.7382444033987873
S0156,ADHD,0.2433468411854362,0.3237757483352555,0.19590736689846044,0.3233684367506279,0.7280405893917209,0.10652258140073369,0.7919711312515956
S0157,ID,0.14693366707761182,0.27218328176482454,0.3257199120129544,0.4614903377470851,0.8586780811977337,0.043058208281593936,0.9877007945953874
S0158,ID,0.3108934261478039,0.3716120091210095,0.13354034362594722,0.45049355599410146,0.8925139193213374,0.07373148334632812,1.0112393099367778
S0159,Physical_Sensory,0.34716535552850103,1.0,0.2142158965212453,0.08501470214123169,0.539878720838497,0.05596961068162558,0.7476769226640823
S0160,ASD,0.12941400092233607,0.5587475365904486,0.587277343796513,0.2821484457598746,0.7410076852947041,0.11422203120725741,0.8166624853127998
S0161,Mixed,0.4007183738413743,0.5061528587409045,0.7166230048938774,0.5806761327409233,0.5602612761498501,0.08488556564551818,0.8548706849421334
S0162,ADHD,0.13341464439219688,0.5283533849323034,0.0,0.41188225717062094,0.6499994131567359,0.06464408880537129,0.9210508163255063
S0163,ASD,0.2422746079660663,0.45641622185804165,0.5838428359516084,0.18744866303455213,0.9346300501649446,0.08068315887081579,0.6865092257908789
S0164,Dyslexia,0.5179071589340842,0.44788943669626935,0.6438294117247451,0.6033731772397227,0.6032837807719744,0.027852689418630325,0.7021902439916844
S0165,ADHD,0.5746908763277252,0.5768080434181946,0.27510468479347433,0.39565874015278535,0.6517449773676265,0.058300773930868466,0.9114528665317685
S0166,Physical_Sensory,0.20982662997423604,0.9525262863069642,0.6246394042543085,0.4576500938970112,0.5300389142733003,0.08072887451652619,0.6675863952527358
S0167,Physical_Sensory,0.31617840970134814,0.6558945445284966,0.33267064203094604,0.4599287134067702,0.4307132069900783,0.09691350736906645,0.8178105115306412
S0168,ADHD,0.36082009696031614,0.5633439122030565,0.6637265823391025,0.3448606800759721,0.8515834009579877,0.04117371758805319,0.8786994330004123
S0169,Mixed,0.5694526255006596,0.6049680830503902,0.34703582323065163,0.2908639477267909,0.31043853461681314,0.07237689384595142,0.90405684913784
S0170,ADHD,0.29656112045194327,0.7517184065803854,0.4341519828244487,0.718251247759891,0.2974584401983399,0.10019371477037645,0.848318442590145
S0171,Dyslexia,0.29847931142687806,0.6509725032380965,0.5646621320076087,0.4004808804426626,0.8706552710112303,0.05097093351253456,0.8259145802397752
S0172,ADHD,0.5415524612064149,0.7976995906863291,0.5193424936187727,0.5232905801663015,0.3020984242815344,0.08458365669568346,0.9469473381161762
S0173,Mixed,0.3107306958646805,0.466412580216767,0.019100380544658485,0.48644337875773164,0.46797991985838727,0.08131949006212007,0.891010844781104
S0174,ASD,0.4423695992668463,1.0,0.8247440313940975,0.24950239144574735,0.6119769226877194,0.11428760640713205,0.7977885899493823
S0175,ASD,0.17844823837738014,0.9749158324593867,0.48225891248920355,0.5916295287610411,0.35748400343997394,0.07539727613776726,0.8662625418127521
S0176,ADHD,0.3351574648997923,0.6485055276770052,0.0,0.2735301012982376,0.8221480034713282,0.07656798803249859,0.9008071544101475
S0177,Mixed,0.1565537735917029,0.38369377087529577,0.6077493877107498,0.44249301972259686,0.6981722862643726,0.09709919506329377,1.0343139762896665
S0178,Mixed,0.22905334047618692,0.515948148105297,0.7410423834106957,0.1540915141803147,0.447568965568876,0.05347302663901311,0.9411226189736862
S0179,ID,0.356409556809143,0.76633976141169,0.29990267115018343,0.09387117240287207,0.8111756608537894,0.07558233586898283,0.9839459377399227
S0180,Mixed,0.3497167472604659,0.6915149400030676,0.46467713031487407,0.44774368039796725,0.7166761477117612,0.0708854997831898,0.8014295125145652
S0181,Mixed,0.3174127053245145,0.43712394542311594,0.6123897046948796,0.2786351099207638,0.7686994703444712,0.077221763745898,0.8100719615190279
S0182,Dyslexia,0.26585543931316136,0.6434584403922554,0.06741324509901049,0.05,0.6808075672300946,0.09696812897925676,0.8389522528632293
S0183,ADHD,0.32922666540191753,0.547575065276727,0.08518365195564198,0.48109142544206135,0.13932906280430826,0.09108322970164347,0.8481329874807119
S0184,Physical_Sensory,0.39183897424295466,0.6151376617951017,0.3992771638098897,0.7180121156576185,0.3587102121470833,0.06502635382942648,0.7616877563642392
S0185,ID,0.3736553389662829,0.10633395311718044,0.2048597614487606,0.6084340387870093,0.5063440949648383,0.08273398406654425,0.98908361480021
S0186,ADHD,0.05,0.5134277576853671,0.7029496110455236,0.36140231721014915,0.6392340802173881,0.10980883228201048,0.9508254159204075
S0187,ASD,0.2558940532793343,0.7564395751701984,0.7707285414775169,0.4013267960045419,0.35226774991575227,0.0633726860240539,0.8319224660143775
S0188,ID,0.2747969432535521,0.09216663536025672,0.6401453708009092,0.533155938517587,0.8658220386037564,0.08290333560794025,0.9266613170459136
S0189,ADHD,0.3438418202753971,0.6911239026734417,0.43321640501341624,0.5683192029752361,0.627115438023674,0.07613678646122743,0.884780168444912
S0190,Mixed,0.4041105432940784,0.5104010299961578,0.8743028570765579,0.34846964217614523,0.2523155869745456,0.07873989968326446,0.9344730502376657
S0191,ADHD,0.3878102285260579,0.3648555170485535,0.21437232619672292,0.4051266573586862,0.9656943967057529,0.04738684755501199,0.7280595397919652
S0192,ASD,0.3191212506316626,1.0,0.6586067778376288,0.4450922210146805,0.5191329362163715,0.10821525708624409,0.8479241448247847
S0193,Physical_Sensory,0.2924830106724102,0.9155662732651692,0.5807965940979224,0.4830814480418248,0.6282739745494451,0.06451296198223634,0.8566863993539487
S0194,ASD,0.3262452154226113,0.3800957491566057,0.5851473688272698,0.38003853369831,0.8041161470542312,0.10052143940307065,0.9248544621056933
S0195,ASD,0.4935544761696006,1.0,0.6656983261698757,0.3819872132396884,0.5880333966400675,0.06757246783904977,0.7996464920263149
S0196,Dyslexia,0.2678644422421857,0.6693589554917595,0.22871841069751697,0.45697484946315825,0.888547658604335,0.0674899069620848,0.6124971797362886
S0197,Mixed,0.3481685874135968,0.45161902701439993,0.2768317458119365,0.581428105366433,0.6743381780061365,0.10426246500930933,0.7543202803762361
S0198,ASD,0.37770645987068197,0.7859809512653665,0.3251247482653424,0.47161158601541325,0.4562114576408331,0.09987769206955849,0.8563854535734375
S0199,ADHD,0.5429475057758064,0.16970271530983774,0.3370395956793191,0.6578663605034393,0.7414873161898875,0.08417331797927965,0.8688786746948614
S0200,Physical_Sensory,0.31966840320251383,0.45897615737230646,0.26961615669953126,0.3420331356660375,0.7775318299928499,0.0952230109961264,1.0308650644070267
S0201,Mixed,0.47076219291218674,0.3323367358613526,0.5909435803391828,0.6434460172944071,0.30784602086979307,0.074228944394872,0.9207648962103381
S0202,Dyslexia,0.5035429225826741,0.5342547336294197,0.3020946999393503,0.33137731653033264,0.9507695538364818,0.0798326474456222,0.8706432800676772
S0203,ASD,0.34805488239199367,0.670177501626773,0.4301906716136756,0.8906539183321884,0.6023182470423312,0.06676751215072362,0.8592511244663845
S0204,ASD,0.3304191167016599,0.7995855866217512,0.8275906722516573,0.22112771098262837,0.6337276477433691,0.09808129898600519,0.9729085903614976
S0205,ADHD,0.3162189535450855,0.6518116111500715,0.23584735498893789,0.2965982121673988,0.12177056962744379,0.06613173337665296,0.8034792069287844
S0206,ASD,0.32500661808176157,0.9200340983390087,0.3340850711315472,0.4628196742300822,0.5176630295767567,0.10970312689875705,0.8484618733704683
S0207,ID,0.3582141774600913,0.029552502177983067,0.8119731941772963,0.4595851079468488,0.721320460257802,0.07368331663360352,0.753564440130698
S0208,ASD,0.38342659146153313,0.8270551811614824,0.23177112622971735,0.6925208476262528,0.6960438663717369,0.0804101712803267,1.0043808570140587
S0209,Dyslexia,0.38394015929125574,0.7035557506957617,0.6814415436169987,0.14974379750506997,0.5209251408599831,0.0951745604130867,0.9017401458446896
S0210,ID,0.12067857294529125,0.8078912492737836,0.7166083335979381,0.5357377778040826,0.33472886290668596,0.08047728842379165,0.7917379225441337
S0211,Dyslexia,0.2396065849058433,0.6798560736307121,0.2249327834953873,0.42436945070229937,0.6365771139701033,0.07404183371429379,0.8510447511126974
S0212,ASD,0.612919013164109,0.6046555035907148,0.9490291809334889,0.5056971748330972,0.269778207978615,0.07939953104383057,0.9134553284651563
S0213,Physical_Sensory,0.33436630715622867,0.5381701816803369,0.6422126415522879,0.25585054871135204,0.837534952066057,0.09787636707115169,0.8374183608723007
S0214,ID,0.16273275472146823,0.8741843767626194,0.8083059980181532,0.6111638207881297,0.23904790602037443,0.06674295555726589,0.8090431899732682
S0215,ID,0.42743729406158715,0.07329811190285658,0.10450875888852712,0.584398739697312,0.8152416289966938,0.07747525985453471,0.7970628835460951
S0216,ASD,0.38952242003289766,0.9305776248743759,0.41809458955125733,0.48993767796855664,0.4852657018563066,0.08020573454674951,0.8963864420686397
S0217,ASD,0.425083984214614,0.841197987779152,0.6337167233355296,0.43065215308134314,0.844240309353161,0.09729170391055313,0.8266848242234597
S0218,Mixed,0.3391397451570874,0.6088713653763351,0.5931504485940953,0.4339162015066557,0.39325983860676555,0.07800309252257127,0.8171144786682536
S0219,ADHD,0.3174646233216549,0.3625602618305678,0.5054610947383762,0.3881896311640934,0.3064551775819355,0.11616598188987445,0.7288840766389877
S0220,ADHD,0.3353550294911966,0.3714756100154999,0.03424933795447893,0.49611777013789626,0.622202845289274,0.0768692284456981,0.8702543097972452
S0221,Dyslexia,0.18977681375503624,0.5641065613601083,0.8724165377634259,0.25467022794174665,0.7628758561659085,0.07524632723189441,0.8443679082653374
S0222,ID,0.2451541050604837,0.7724508749165788,0.3823490477110037,0.27272125369710387,0.8158919686622962,0.07657935756764536,0.8303254172803318
S0223,Mixed,0.3912293634359855,0.04623589978998241,0.40643294342908226,0.2427112532758612,0.5081116931522192,0.0536671714268398,0.8823673198934001
S0224,ADHD,0.5777609822521219,0.5513264199737685,0.7775322977343384,0.2871945619521562,0.4142625830216582,0.0592654630648263,0.937290478418118
S0225,Mixed,0.3660252819914973,0.7190538505306769,0.5147915431850971,0.4333198363824178,0.3635050687221846,0.06938666220521814,0.9326467993385751
S0226,ASD,0.07560414912563485,0.29804971402779973,0.6143367078206008,0.3959566245347189,0.47922962131806307,0.1027165969770026,0.9177631022345045
S0227,Dyslexia,0.3444271422567169,0.5740169236792787,0.23650668051388848,0.2823015689933124,0.17815315953956531,0.07933747881275979,0.8384232242809561
S0228,Dyslexia,0.6844458901638681,0.054611403639222775,0.6127220400485172,0.3251219700319167,0.505684852062272,0.07030711620768587,0.805790418550404
S0229,ASD,0.4596693423890762,0.26987213368189705,0.4710725873321089,0.3059018611124682,0.7548086218134508,0.1045306949121319,0.7580986880122845
S0230,ASD,0.2583987209338408,0.5497910562310668,0.8298264912680094,0.6198490252518022,0.6158438121392023,0.11102354265784523,0.8031746014107201
S0231,ADHD,0.4266381759225383,0.29597684980158245,0.5473141676762978,0.35984337594287885,0.6267629550921793,0.10510764921815521,0.8644552616581852
S0232,Mixed,0.2666637832041026,0.3714404541182768,0.465156156680575,0.33498595228277367,0.6259027860956147,0.06293820005529685,0.7838616399792799
S0233,Dyslexia,0.19324849184524853,0.7466818820218721,0.5639688129920492,0.3223579355998679,0.647090835382921,0.07009502759612689,0.8720959660562725
S0234,Mixed,0.3139010706027828,0.9049197756589967,0.893457613325896,0.12452346964373912,0.32539635504368086,0.11627472140629438,0.7659445843533418
S0235,Physical_Sensory,0.3666885668995348,0.9677229677821643,0.5612139278810462,0.2814198325415621,0.5649326544507721,0.08482279384000044,0.696391063243826
S0236,Dyslexia,0.13104673389886395,0.27405881952271177,0.19496637485523033,0.397160919803775,0.7319092413172961,0.07464745870207842,0.9444308642310077
S0237,Physical_Sensory,0.21780627932623514,0.8049854831194562,0.28710576818795314,0.13938671064068342,0.5700748351231723,0.09436695922661675,0.8150487926079437
S0238,ASD,0.356945661772754,0.9297998140786518,0.6361620469271151,0.5676361295399734,0.2725847833085079,0.10014598134716225,0.7787868868221391
S0239,ASD,0.30672461307219695,1.0,0.471333600858735,0.6266704849538702,0.569514893531007,0.06857100858143471,0.7531055380147844
S0240,Physical_Sensory,0.40308274672840233,0.5293192976863627,0.45895262653546964,0.3445816993264378,0.7648571890586788,0.08438879917239864,0.9047938496175683
S0241,Physical_Sensory,0.20994519491384406,0.6301225411550433,0.521278687371574,0.44377191511394654,0.7739000582357671,0.09853120138434117,0.999981023291325
S0242,ADHD,0.4413990440172675,0.4458275363288264,0.0,0.567863062727654,0.8306993771485711,0.056794257080802935,0.8221828660439138
S0243,Dyslexia,0.21365430254364803,0.5085528814696757,0.5282890929330296,0.17998162179347207,0.4790512351395329,0.0802469091485228,0.8409339146782701
S0244,Dyslexia,0.552833510423387,0.35292679245250697,0.40380817629791244,0.38016632807892725,0.6267939635780702,0.0577122069389857,0.9696534361334355
S0245,Mixed,0.14981440006547345,0.520515272039672,0.11154303136296348,0.2993276807303993,0.4954892983407206,0.06032839006146378,0.681445681708697
S0246,Dyslexia,0.22459888174486192,0.1328929259480002,0.3184300353288155,0.17835965600002315,0.57930958365885,0.06873799845039393,1.0591771164357948
S0247,ADHD,0.40578989055469095,0.3030010411335322,0.040637257100580276,0.28009953035125396,0.9328006493448799,0.08954239075758941,1.1
S0248,ADHD,0.555413384370588,0.44956969176519473,0.3502414478828905,0.4513970798792205,0.8215436643990298,0.0735595474272373,0.5918564992025199
S0249,ADHD,0.3935105585248119,0.4555129733759677,0.2067418085978518,0.5736953578848325,0.8994117433344392,0.06703163750063187,0.8527399292528526
S0250,ID,0.3232483446127584,0.6527616702118647,0.23171373167783066,0.3723830601824254,0.3036666119866663,0.08103109126649918,0.7905955489575719
S0251,Mixed,0.35780982239163844,0.789621962706211,0.8375638167507112,0.20931262601313955,0.31424867736196715,0.057060745434671406,0.8360130750540549
S0252,Dyslexia,0.23253757969704825,0.25055463737908945,0.7868139512438528,0.08759397665697768,0.7370620847107419,0.0885760643566782,0.8206517451829359
S0253,ADHD,0.29688879240214594,0.2885998813521338,0.24797761104190386,0.45918991320558106,0.7575954934015046,0.1026277352391662,0.9436661619924641
S0254,ADHD,0.21027622779311825,0.5233072167371086,0.27736687012277084,0.6766174620091404,0.8119159395020842,0.07841591918023977,0.8512332614477292
S0255,ID,0.10226019805764686,0.6268185783270588,0.49527234539045295,0.45905874989715967,0.9248130211627218,0.07594702013399583,0.7713995307245326
S0256,Physical_Sensory,0.403915264509241,0.34282585964724394,0.5778977054957553,0.3419655174023121,0.6341961965873336,0.08746880706431139,0.8452717360150158
S0257,ASD,0.22092403634031604,0.796957484597019,0.3353394646462689,0.5149275950275426,0.4613484286800847,0.039430611623369104,0.9139686758407692
S0258,ASD,0.3940518749976748,1.0,0.8541110871134148,0.36407520466198806,0.4874711856692661,0.09073634913195736,0.744118119368
S0259,Dyslexia,0.19948666392433972,0.5279660113742006,0.7280563561708557,0.19325721739536908,0.9376261573550181,0.14203771607489726,0.6978668832475302
S0260,ASD,0.391271356604882,0.9449145974477849,0.46581849337404196,0.2562311341457105,0.79132165794763,0.0775464755777056,1.0617645322280602
S0261,Physical_Sensory,0.29706348591531595,0.4540943172320302,0.5053098653411685,0.6112673266369534,0.8820491866715572,0.07761749932567338,0.7982475841736846
S0262,ADHD,0.5244992582289487,0.3361298324252406,0.22157489772747757,0.05,0.19672977911009173,0.09487214000199368,0.848754953452576
S0263,ASD,0.3945516616603592,0.5654869866541528,0.28998485679821984,0.5196788800418904,0.8527546837058629,0.11290665336395925,0.822710711561971
S0264,Mixed,0.5039993413501684,0.29529475825469326,0.7849788754436832,0.3304382593303695,0.3178638635504284,0.0994993568886827,0.9172990225527424
S0265,ASD,0.26502778821984835,0.6919798445242891,0.07674269819851817,0.3384488902822581,0.7168551874350321,0.03688786242832899,1.0397692444536326
S0266,ADHD,0.3624425950201715,0.45133770015530533,0.15958639031800026,0.6538472734176719,0.6330453919949457,0.09126797675325495,0.9204836363174567
S0267,ASD,0.23797493521691804,0.5272971348492508,0.7896649610009769,0.2928803361699923,0.32220209502882263,0.1314386029048335,0.7106537373905291
S0268,ASD,0.30607276506154124,1.0,0.7747548633067054,0.2979896268957385,0.6989139585790443,0.0924488209351893,0.7240779094436752
S0269,ASD,0.3242528874615159,0.31954700620113224,0.5891316086582802,0.38044086416207046,0.43184361221776957,0.05690796173456501,0.8225937746118366
S0270,ASD,0.2686024077084147,1.0,0.2722055541625332,0.46207710787183576,0.4999568235693219,0.08563659248837228,0.8356669321912016
S0271,ASD,0.20984505112938803,0.9154062853646519,0.23942997597020024,0.3337216326560696,0.44703424665323716,0.05438625497317866,0.6902951251898681
S0272,ASD,0.1860833153525531,0.9708480746346992,0.4835065537098269,0.1639211604196172,0.39267663671529346,0.1046560737853772,0.9444243441619723
S0273,Dyslexia,0.07493562030598377,0.19022034838054805,0.17862733662364247,0.12014527286773521,0.7584152059572817,0.06088234823944149,0.7538581963563804
S0274,ID,0.1289438185704565,0.7219630957321721,0.5049676962060631,0.5922000784696779,0.7194533026567538,0.08148487269384046,1.0118204083571039
S0275,ADHD,0.43100466179149277,0.5125880649526916,0.5401207940849131,0.41121651837032674,0.5686827686586177,0.06284439996016306,1.0445535118651004
S0276,ADHD,0.16388557034927748,0.36258351545004985,0.23650293524013138,0.4676630925555733,0.41829600593302424,0.06907103884904019,0.8376648988813105
S0277,Dyslexia,0.19153065264047484,0.4705673093406387,0.5247182966664572,0.2107868189240444,0.4861282678714712,0.1097230129172099,0.9063875161863467
S0278,Mixed,0.5706132227388212,0.4664502152215723,0.6991062685949285,0.3010753455740096,0.8262298401714139,0.08206914329787394,0.739295529936108
S0279,Mixed,0.27932586820908095,0.9290720058148719,0.6230969975021342,0.6516354174813117,0.5091938613359387,0.0688159505254856,0.9248578847924397
S0280,ASD,0.39423091529065174,0.5781384466395986,0.37623388080317605,0.37177122144233793,0.7197847751803372,0.057095440582265546,0.8126710098010912
S0281,ASD,0.4327834517709308,0.541769405301489,0.8239177373029991,0.333494518070931,0.544545935936092,0.042565970272011276,0.7537667199856929
S0282,ADHD,0.4352085297646251,0.3592471093060106,0.390233668348464,0.5644213549533009,0.36748430326753123,0.054974387329546265,0.8335567533192298
S0283,ADHD,0.1730276865179043,0.7864796478035544,0.5275486387701871,0.29164594616989226,0.5290765431665762,0.08223918482888756,0.8159154513039919
S0284,Dyslexia,0.32797823260293263,0.1364430077103035,0.6377457549815414,0.16079089843390051,0.3385910181342502,0.09960467537445328,0.8299743118441528
S0285,ADHD,0.16151812184866438,0.6617854498765532,0.39508207452780236,0.4015370026025347,0.5397294733175229,0.06879297015155598,0.9574582424261642
S0286,ASD,0.6492635372601102,0.8743699921065465,0.4782799812675491,0.40004051561322695,0.7174879387345712,0.1114108720143803,0.783959492880955
S0287,ADHD,0.16432036250899942,0.7135869920090165,0.4847698714847281,0.4389417021854822,0.7508422488019645,0.06564999155543547,1.0359925521219158
S0288,Dyslexia,0.22996456792649303,0.558169120821374,0.16932368989811256,0.5637503634093232,0.731315309304072,0.07523976554240241,0.7299842888619928
S0289,ASD,0.23083329160989088,0.9092855192681355,0.8641156237302413,0.4504372369528556,0.28143953184438747,0.058408465593254966,1.0240332794623879
S0290,Physical_Sensory,0.1761061369841258,0.911310142282626,0.46340270018692176,0.05,0.4472940945147,0.09981523469135711,0.7608391899538589
S0291,ASD,0.5180166633616569,0.5907338676871501,0.1328924035354327,0.4489448415147341,0.1902453774200366,0.12195021228089137,0.8623889288908667
S0292,Mixed,0.6463991423208909,0.1967984672884988,0.334689271700278,0.40568199917343983,0.8096259269427007,0.04476366078127605,0.8134706407967263
S0293,ASD,0.29861549987335734,1.0,0.35787684973506173,0.40651750365271866,0.429258447823311,0.07307675862730603,0.8281173849907427
S0294,Physical_Sensory,0.19725461656954224,0.7606861793920072,0.13995486591659123,0.4368920964094256,0.6419378158553172,0.1052955969410007,0.9426259757800831
S0295,Mixed,0.08727433434374893,0.6177533249099589,0.5445127132663948,0.3956982568487801,0.5750472467525842,0.05106108957148797,1.0124729318674093
S0296,Mixed,0.3264123479682193,0.09278237130573784,0.5088369649679825,0.3921081860416917,0.6584445427758518,0.09133367813942173,0.9815427226400925
S0297,Physical_Sensory,0.3177415434114982,0.8776102979772503,0.373659871581203,0.49195663146561797,0.5341182360795348,0.10442944400415141,0.8220046189103435
S0298,Physical_Sensory,0.2775498590276541,0.42734345979753163,0.3989215271298426,0.31868788042082485,0.7119762319690587,0.08156457628713674,0.8809157743849836
S0299,Dyslexia,0.38227042466801886,0.7589255578880924,0.22037148726974023,0.1078470496541237,0.6428949515701361,0.09100526141880265,0.784282464777692
S0300,Physical_Sensory,0.4031261713287298,1.0,0.5310653671540185,0.8535672178933587,0.49177793329443675,0.11521804772255215,0.7633352208870587
S0301,ASD,0.3944753851434195,0.9300999494781256,0.8813272119166664,0.292621383432815,0.37165688101317307,0.11896853108202293,0.7478601615716614
S0302,Dyslexia,0.31777040955465297,0.47229725468229133,0.3896877347545905,0.2650214368690115,0.5936954227287423,0.07876065573931035,0.8187329214461153
S0303,Dyslexia,0.22351077464196,0.4192264998643698,0.5463507536369814,0.05,0.7768354736326967,0.06935244301401534,0.8874508152460224
S0304,Mixed,0.43560536592767735,0.23389017903615722,0.5938268460955388,0.41747026225771333,0.4652645912878285,0.06160039777852607,0.6713087361693777
S0305,Dyslexia,0.3572070453214551,0.31878870939503207,0.46757833199123466,0.11001616739659978,0.6302426931182101,0.09953928300857426,0.8578548818864516
S0306,ADHD,0.46230829717102945,0.43465098398342916,0.22247275515733322,0.33362905857249836,0.251042108882835,0.052564488844180635,1.0140927645994808
S0307,Dyslexia,0.4505144601275392,0.8116714548579721,0.48584878234647255,0.4067596998656685,0.6135060823546451,0.07494851924017595,0.9746813590519408
S0308,ADHD,0.18509394590521758,0.31998186472091794,0.0,0.4708014352567111,0.4288851303033654,0.08205379541908932,0.8039718444918617
S0309,ASD,0.18359872929595905,0.9474185844585374,0.3311539207215214,0.4852614286862229,0.9296266442100307,0.06993994974562491,0.7228029612162497
S0310,Dyslexia,0.26504050794200806,0.6783989997841401,0.3083769202029059,0.05,0.2689233924874921,0.08559640530038248,0.9084732827910109
S0311,ADHD,0.2289535451959913,0.20328141708362713,0.47269346505756,0.6755342754743519,0.7973066469058617,0.13129026636585517,0.6307474271237782
S0312,ADHD,0.44633560730800353,0.5692720185316776,0.47971634069894914,0.22121780335871877,0.25765124077311913,0.07756802819306916,0.973505663732796
S0313,ADHD,0.39786255530942155,0.6406160422773113,0.4641703351082313,0.6292841221440797,0.7120919026343705,0.07129188745145221,0.8411315063562042
S0314,ADHD,0.4876074734451087,0.43894309913587215,0.31085023757505964,0.5532315798972229,0.6882291357064487,0.10030663648763706,1.0456202842022684
S0315,ADHD,0.4032838122801816,0.8206899326512709,0.5898229794990704,0.486599911267702,0.6246786969109543,0.08479167288291044,0.6897937035868816
S0316,ADHD,0.3807433440156757,0.653840109128615,0.09527816324188249,0.2717522828637428,0.679799932099272,0.10878671542422753,0.9543048746653116
S0317,ID,0.3996729678321719,0.5697461864763134,0.5439485959647239,0.42273847672292847,0.28244246180161114,0.08329375239639437,0.8524393684631084
S0318,ADHD,0.41207267495907723,0.5706304483889022,0.640203623275954,0.32936178840327107,0.6070886031059289,0.07503153584057934,0.8293851989973202
S0319,Mixed,0.36387750980339767,0.7866302763153072,0.45176004280008303,0.4043559357257938,0.22964536052831966,0.044325502238108896,0.7255059056233137
S0320,Mixed,0.5333597582625537,0.2646428189833767,0.6208811665453509,0.36251916113716603,0.4172662578430074,0.0476053061237652,0.9220650428156999
S0321,Dyslexia,0.36952710016920626,0.4769060000812987,0.3637601395555882,0.05,0.4574082058778416,0.043286026191457945,0.930103990622214
S0322,ADHD,0.31918452160072086,0.5827885969576239,0.2685750298948087,0.5682676226476883,0.7566469282879703,0.0875867833256848,1.0410030323411172
S0323,Dyslexia,0.25516660313755346,0.5794307474613396,0.30384494320825756,0.23783392651759586,0.4658150812401621,0.05275501040265081,0.9632952784305875
S0324,Physical_Sensory,0.4400684492763208,0.39370198625620845,0.3779197535198233,0.3272799400746645,0.2874175674971835,0.10511154731838766,0.8031007192489548
S0325,ID,0.4041514592119677,0.6370414257934444,0.2466923045785196,0.31595091507553485,0.49106793079239996,0.08060493129711907,0.7621039937827767
S0326,Physical_Sensory,0.3496349060188598,0.16887358010657164,0.3094625176062441,0.45376893645501526,0.8980711323714777,0.07511626161796663,0.7256411087922896
S0327,Dyslexia,0.5126552690444521,0.5804322349227548,0.5406482277994191,0.11593654925582922,0.4387593376143426,0.06312289849591324,1.0098126867084753
S0328,Dyslexia,0.11930359035428234,0.07120898497137372,0.4544911937991914,0.05,0.6338805221662563,0.09244517496540412,0.7846728237167416
S0329,ADHD,0.34905098921392164,0.631013027885338,0.2753725844315679,0.4610694704812414,0.9096641210223672,0.06391004360915177,1.010513239041659
S0330,ID,0.2508940047383391,0.5177493435008629,0.8799597301386696,0.4778654496935233,0.9719245174113027,0.060292439918602385,0.9149974562307349
S0331,ADHD,0.2684660695019898,0.7567099222744452,0.297092136152167,0.3700552262983551,0.8149466166190314,0.10376699841210697,0.8954805403039243
S0332,ID,0.5417687187486963,0.3846737751086107,0.42064714680747317,0.2278145687214987,0.9298046470855557,0.08709242321550045,0.8318034208884985
S0333,Mixed,0.3477622782682201,0.7978939591955407,0.24606194658352018,0.4133403311333928,0.6188452937989422,0.07530141143503456,0.9285575434447533
S0334,ASD,0.30677770159833945,0.9370924290526448,0.9475235783981301,0.18032014475296174,0.9355607403048094,0.09282865969467433,0.860943175860848
S0335,Dyslexia,0.35882084780289203,0.29226873713796697,0.8533900187763296,0.09591541049685112,0.4243574662920217,0.08017863746221397,0.8255689229976472
S0336,ASD,0.1153677455677719,0.6109630377740496,0.4486556327259987,0.28739530952437586,0.86434691579922,0.08766026300903368,0.9320907308093482
S0337,ID,0.1645212431494816,0.40405219050506663,0.5820692777485534,0.5265908606337334,0.4159261102722514,0.0636630419524909,0.8480930412224151
S0338,ASD,0.47369419052431994,0.7378154264193928,0.6059951023251694,0.34560835743446244,0.8976864058673567,0.12140797217821245,0.7826567742706455
S0339,Mixed,0.2802319515989385,0.2826483849009028,0.19239320519139294,0.33282003823353096,0.657589393161633,0.0684076006464755,0.9224729296905934
S0340,ASD,0.25624037465483884,0.9240152724903401,0.7872892458322165,0.6932038773116869,0.3996478268636686,0.11112032653899954,0.8560916865816717
S0341,Mixed,0.5128484705725995,0.3010277606341655,0.26576903786343004,0.4528693745783071,0.25432963543442005,0.07622262301391047,0.9113812533203087
S0342,Physical_Sensory,0.5165359223050909,0.4099587309274728,0.4901850775776529,0.4508491765712239,0.41735273035797027,0.09614194231309925,0.8171042663091096
S0343,Dyslexia,0.41774425085020844,0.42399718367800837,0.36387800299181333,0.1945448882186838,0.8004285769353666,0.09468446998052273,0.7415781216764327
S0344,Physical_Sensory,0.30109131410623136,0.8554513095715817,0.24766389015344006,0.31054424985448337,0.51167290493302,0.10293703510300092,1.0359976483959559
S0345,Physical_Sensory,0.32696886637691264,0.4595800565926669,0.25134699365158625,0.07203903399742745,0.3146206113656593,0.06318752585671711,1.0171513932208858
S0346,Mixed,0.2592073988018764,0.7214741189555937,0.7066389592647574,0.5453110797885338,0.7455551350796079,0.10151270802557724,0.9508687482707243
S0347,ADHD,0.23633261990743407,0.9172528612536038,0.4906474080914362,0.4672464558634569,0.9075211404036803,0.11692879701822881,0.8237091836071009
S0348,Dyslexia,0.23037541559385954,0.6692310802763564,0.8684941693914119,0.22312510101798802,0.41783260655150334,0.07482614041516286,0.832458454828421
S0349,ASD,0.2815388653766465,0.7552530435629994,0.068610773652432,0.37941599472456167,0.7557388051456543,0.08069412134284246,1.0007229967341746
S0350,Dyslexia,0.23153887530870204,0.5615544822388173,0.25039549167395814,0.3604216393391583,0.2517657715750772,0.06953106715039692,0.8271072483877869
S0351,ASD,0.16806077996569357,0.9092381389215239,0.5244311877411734,0.16679348903802207,0.5638610575520389,0.073071274956298,0.7992346485097985
S0352,Dyslexia,0.3820337145613401,0.8944874218314023,0.6099271877403492,0.16151780026692922,0.5770523167094064,0.1142284559786498,1.0497137197081736
S0353,Dyslexia,0.3838568638980839,0.5928277189120935,0.8118376968345169,0.07955457056612047,0.5286750790845057,0.059915309477395914,0.857722483983141
S0354,Dyslexia,0.5598005252022694,0.7019175911263488,0.3429100916688344,0.5157263923730119,0.15972494020698605,0.061157623562984556,1.0393327849959129
S0355,Dyslexia,0.27550478998830713,0.5204071199876321,0.18717243710236994,0.38134832977799504,0.7743173962645369,0.11221801872828754,0.722651061075528
S0356,Physical_Sensory,0.3912374649456639,0.8096936471303634,0.3308255485553879,0.06959610382969539,0.6748191563985275,0.09249096851776725,0.9143087404229784
S0357,Physical_Sensory,0.3932309037038476,0.5851271023870063,0.5258319115029161,0.17293575600400368,0.734299815549157,0.12240740498085048,1.0695985120661897
S0358,Dyslexia,0.3252448868558075,0.5682642835235246,0.057709959025480345,0.23014814899637706,0.5247556582459053,0.07099122724348293,0.8654653266104144
S0359,Dyslexia,0.4450254248408326,0.3094753286167111,0.6863221654583406,0.17913396818913632,0.6403718981730431,0.08252562274475139,0.8360898029177486
S0360,Mixed,0.4487328966129572,0.6844315268736594,0.43544288064551967,0.20134266878846677,0.5263232876580363,0.0667864611245639,0.7457150603846863
S0361,ASD,0.3949947256145762,0.43314974358220465,0.1675845817895962,0.6917143356475735,0.828902537469133,0.08286602337295391,0.970724557588053
S0362,ASD,0.32502862958513595,0.6740749445306238,0.4916501953664573,0.4468809870973869,0.5351652257759039,0.04451806605431392,0.7854774438804595
S0363,ASD,0.3128017811643272,0.4631074219588399,0.09323696802691991,0.47122244842946376,0.8871327061283514,0.09369909113310017,0.8530093962055294
S0364,ID,0.09157492633522432,0.4118275097743336,0.763274784343298,0.296197757615168,0.6639917146856738,0.08646948166984676,0.739040024165267
S0365,ADHD,0.25899526075674845,0.6420926853629618,0.5661204142456122,0.5083411220767003,0.48784753782991835,0.07884890675068162,1.0181797121542715
S0366,Physical_Sensory,0.28106449132266886,0.7261925097312076,0.5156924601256893,0.3429350858526983,0.6087755838671601,0.07219271350800671,0.9779787832170965
S0367,ID,0.12082878269933936,0.6538505404630214,0.6109695194378401,0.3574985239438751,0.4946446642830654,0.062104920252638016,0.8593317772232152
S0368,ADHD,0.40849627019339113,0.04452035420126563,0.08913390126720072,0.491650293973789,0.5981402036564405,0.09455425824065522,0.7470753585858354
S0369,Mixed,0.49930073846931267,0.07098298747295122,0.5640612083575144,0.15565036524095507,0.4716679413636739,0.05657820028593187,1.0160809570687914
S0370,Physical_Sensory,0.24673790231137344,0.6194781229063657,0.5024923329589228,0.6395541789776474,0.5155704845645148,0.09023791824098487,0.8258970794398135
S0371,ADHD,0.3897183664802279,0.43961199034554393,0.38260047438344175,0.4273583822085814,0.7148461644866537,0.12148902789618915,0.7519697680627764
S0372,ADHD,0.23161205744730623,0.8535420045647105,0.16834042208977346,0.5921416313170637,0.6189395197610443,0.10971042977288596,0.6862784508972738
S0373,ADHD,0.319114733678172,0.3057632198941272,0.5109797142547448,0.23868703650717726,0.6524004933154882,0.04989744114658694,0.7978937389551507
S0374,ASD,0.27286584468953834,0.40332055937787925,0.48426544522086645,0.2615252313957711,0.7910731724714245,0.06926523879313394,0.7170264398915343
S0375,ASD,0.4279328720236444,0.9744193218525892,0.6533446993190232,0.2257149667600282,0.4572990379334382,0.08842901481110675,0.8002081684922457
S0376,Mixed,0.27425081332981005,0.44827198914400296,0.6368919082277885,0.43754465089972583,0.6032834545242022,0.078594361559713,0.9369311255142998
S0377,ADHD,0.47710464383566903,0.4173606437216713,0.658781256923108,0.40989749528773695,0.5434841121588881,0.05201188563435158,0.8249502357470049
S0378,ADHD,0.3262189013514076,0.10595451014365771,0.33586705136091716,0.33033822711532296,0.21858456595837952,0.08770631902946982,0.8980595903558993
S0379,ID,0.17775294903949176,0.8666189878064742,0.42412588299032855,0.2478896210672081,0.4157030141367607,0.07979966209767402,0.790156786191305
S0380,Dyslexia,0.2053087627094519,0.1925254982588592,0.6152540076350462,0.06001055954037368,0.6053454078439687,0.11828650817207564,0.8690071587809514
S0381,Mixed,0.3860899354263134,0.23242918782204483,0.5229935339309443,0.3927274149294016,0.8692895649939392,0.07493542594765107,1.0545803343531304
S0382,Physical_Sensory,0.46313160245801305,1.0,0.8450855262017417,0.33016198306171,0.37889698508065184,0.10336006770653182,0.8276416443418386
S0383,Dyslexia,0.38850394497529633,0.31685188082728644,0.20612049946631306,0.14715895114626068,0.1951813937226239,0.05465823193740049,0.9009331959064941
S0384,ADHD,0.6243651941606023,0.35342856718537996,0.49257394385226766,0.6320634229197415,0.6337553051396224,0.059439814042069834,0.7059375293976844
S0385,Mixed,0.5272798884873215,0.11384217350936537,0.47737221457443435,0.38765114827108993,0.9497397872892647,0.0944332391961898,1.0145008643862152
S0386,ID,0.21880206242482955,0.6768055537596731,0.109963409003438,0.5905064400890387,0.7587475867883987,0.1016746156121475,0.8147695892500417
S0387,Mixed,0.3175421021340231,0.5482919971062286,0.5379199019536178,0.3200121725975955,0.4387148594968748,0.06085214547851216,0.9675436171351783
S0388,ASD,0.4120690005291138,0.7625229553551159,0.5612612888877974,0.4367164425697986,0.528484890506036,0.08048154812967824,0.8501722225686377
S0389,Mixed,0.25514309253978923,0.36755125319290005,0.45615563313100177,0.39167859756154977,0.4611219962215218,0.05236841652941844,0.9236481886466089
S0390,Dyslexia,0.49565999097476987,0.34738906066335196,0.07257975025531782,0.05,0.7079804206094521,0.07637560347389041,0.9295914948656283
S0391,ASD,0.39909745681210146,0.4579413510005572,0.21187906208122767,0.614250745939587,0.817725588532364,0.09673845571248252,0.8172462181932565
S0392,Dyslexia,0.38648046349389537,0.5939106913091533,0.6479856316819053,0.22972695894513764,0.6805320050820187,0.0713008300172771,0.9716808957207135
S0393,ID,0.33813983432336936,0.6953840139597101,0.6380985276623855,0.5119627329449441,0.9678852474438201,0.07501930588112395,0.7865917657452183
S0394,ASD,0.5624449801951585,0.7578726833615358,0.877539845711131,0.28719569163076614,0.5578736966468308,0.057404092034078966,0.9402836741472825
S0395,Dyslexia,0.37622003645337204,0.6537717749921137,0.4912161953318339,0.22527334276303532,0.8139928427598464,0.06703283172750149,0.8234697227278751
S0396,Physical_Sensory,0.3421405496863053,0.5823351431295042,0.4020409086922934,0.2699721460114968,0.610802167300275,0.11516221832428677,0.8974460470077342
S0397,ADHD,0.5367517489895808,0.5892837462693579,0.45256637205101163,0.585399772414509,0.5001578784609364,0.08145849783434266,0.8162909519091022
S0398,Dyslexia,0.4718114441098077,0.8724087734561041,0.3814297220639569,0.2967114021176014,0.48301947836794035,0.05995384466698804,0.8674878496151878
S0399,ADHD,0.31718781334482476,0.3601692790346454,0.5688867710904333,0.4550580290021332,0.2153116578426575,0.07370456100164016,0.7550208819753516
