condition,student_id,disability_type,sessions_to_mastery,reached_threshold,run_seed
scale_full,S0001,Dysgraphia,10,True,7
scale_full,S0003,ADHD,32,True,7
scale_full,S0007,SLD_ADHD_Comorbid,20,True,7
scale_full,S0015,Dyslexia,15,True,7
scale_full,S0022,Multi_SLD_Comorbid,6,True,7
scale_full,S0025,Dyslexia,24,True,7
scale_full,S0026,Dysgraphia,19,True,7
scale_full,S0030,SLD_ADHD_Comorbid,13,True,7
scale_full,S0037,Dysgraphia,16,True,7
scale_full,S0043,Dyscalculia,14,True,7
scale_full,S0049,Dyslexia,26,True,7
scale_full,S0050,Dyslexia,14,True,7
scale_full,S0064,ADHD,10,True,7
scale_full,S0068,Dyslexia,11,True,7
scale_full,S0071,Dysgraphia,9,True,7
scale_full,S0072,SLD_ADHD_Comorbid,16,True,7
scale_full,S0074,Dyslexia,20,True,7
scale_full,S0076,Dyscalculia,26,True,7
scale_full,S0083,Dyslexia,17,True,7
scale_full,S0086,SLD_ADHD_Comorbid,14,True,7
scale_full,S0087,Dysgraphia,21,True,7
scale_full,S0104,SLD_ADHD_Comorbid,6,True,7
scale_full,S0109,Multi_SLD_Comorbid,17,True,7
scale_full,S0115,SLD_ADHD_Comorbid,12,True,7
scale_full,S0121,ADHD,25,True,7
scale_full,S0126,Dyscalculia,30,True,7
scale_full,S0129,ADHD,13,True,7
scale_full,S0133,Dyscalculia,23,True,7
scale_full,S0136,Multi_SLD_Comorbid,24,True,7
scale_full,S0141,Dysgraphia,18,True,7
scale_full,S0143,ADHD,6,True,7
scale_full,S0144,Dysgraphia,7,True,7
scale_full,S0153,ADHD,5,True,7
scale_full,S0155,ADHD,2,True,7
scale_full,S0156,Dyscalculia,15,True,7
scale_full,S0166,SLD_ADHD_Comorbid,24,True,7
scale_full,S0178,SLD_ADHD_Comorbid,27,True,7
scale_full,S0195,Dyslexia,6,True,7
scale_full,S0196,ADHD,13,True,7
scale_full,S0203,Dyslexia,14,True,7
scale_full,S0209,ADHD,6,True,7
scale_full,S0215,SLD_ADHD_Comorbid,5,True,7
scale_full,S0216,Dyslexia,16,True,7
scale_full,S0226,Dyslexia,40,True,7
scale_full,S0235,SLD_ADHD_Comorbid,13,True,7
scale_full,S0237,SLD_ADHD_Comorbid,23,True,7
scale_full,S0239,Dyslexia,18,True,7
scale_full,S0241,SLD_ADHD_Comorbid,23,True,7
scale_full,S0243,ADHD,22,True,7
scale_full,S0252,Dysgraphia,17,True,7
scale_full,S0254,Dyslexia,23,True,7
scale_full,S0255,SLD_ADHD_Comorbid,18,True,7
scale_full,S0264,Multi_SLD_Comorbid,11,True,7
scale_full,S0265,Dyslexia,18,True,7
scale_full,S0266,Dyscalculia,13,True,7
scale_full,S0276,Dyscalculia,30,True,7
scale_full,S0279,SLD_ADHD_Comorbid,18,True,7
scale_full,S0280,Dyslexia,14,True,7
scale_full,S0281,Dyslexia,10,True,7
scale_full,S0282,Dyslexia,9,True,7
scale_full,S0288,ADHD,13,True,7
scale_full,S0297,SLD_ADHD_Comorbid,20,True,7
scale_full,S0308,Dyscalculia,21,True,7
scale_full,S0313,Dyscalculia,10,True,7
scale_full,S0316,Dyscalculia,11,True,7
scale_full,S0317,ADHD,1,True,7
scale_full,S0319,Multi_SLD_Comorbid,33,True,7
scale_full,S0334,Dyslexia,20,True,7
scale_full,S0335,ADHD,7,True,7
scale_full,S0336,Dyslexia,30,True,7
scale_full,S0352,ADHD,7,True,7
scale_full,S0356,SLD_ADHD_Comorbid,15,True,7
scale_full,S0357,SLD_ADHD_Comorbid,12,True,7
scale_full,S0368,Dyscalculia,9,True,7
scale_full,S0369,SLD_ADHD_Comorbid,5,True,7
scale_full,S0373,Dyscalculia,15,True,7
scale_full,S0386,SLD_ADHD_Comorbid,19,True,7
scale_full,S0388,Dyslexia,12,True,7
scale_full,S0393,ADHD,3,True,7
scale_full,S0396,SLD_ADHD_Comorbid,14,True,7
rule_based,S0001,Dysgraphia,12,True,7
rule_based,S0003,ADHD,32,True,7
rule_based,S0007,SLD_ADHD_Comorbid,31,True,7
rule_based,S0015,Dyslexia,32,True,7
rule_based,S0022,Multi_SLD_Comorbid,8,True,7
rule_based,S0025,Dyslexia,33,True,7
rule_based,S0026,Dysgraphia,38,True,7
rule_based,S0030,SLD_ADHD_Comorbid,31,True,7
rule_based,S0037,Dysgraphia,32,True,7
rule_based,S0043,Dyscalculia,33,True,7
rule_based,S0049,Dyslexia,41,True,7
rule_based,S0050,Dyslexia,31,True,7
rule_based,S0064,ADHD,14,True,7
rule_based,S0068,Dyslexia,15,True,7
rule_based,S0071,Dysgraphia,11,True,7
rule_based,S0072,SLD_ADHD_Comorbid,31,True,7
rule_based,S0074,Dyslexia,39,True,7
rule_based,S0076,Dyscalculia,35,True,7
rule_based,S0083,Dyslexia,35,True,7
rule_based,S0086,SLD_ADHD_Comorbid,33,True,7
rule_based,S0087,Dysgraphia,31,True,7
rule_based,S0104,SLD_ADHD_Comorbid,10,True,7
rule_based,S0109,Multi_SLD_Comorbid,31,True,7
rule_based,S0115,SLD_ADHD_Comorbid,17,True,7
rule_based,S0121,ADHD,34,True,7
rule_based,S0126,Dyscalculia,32,True,7
rule_based,S0129,ADHD,14,True,7
rule_based,S0133,Dyscalculia,32,True,7
rule_based,S0136,Multi_SLD_Comorbid,36,True,7
rule_based,S0141,Dysgraphia,32,True,7
rule_based,S0143,ADHD,9,True,7
rule_based,S0144,Dysgraphia,13,True,7
rule_based,S0153,ADHD,7,True,7
rule_based,S0155,ADHD,1,True,7
rule_based,S0156,Dyscalculia,35,True,7
rule_based,S0166,SLD_ADHD_Comorbid,38,True,7
rule_based,S0178,SLD_ADHD_Comorbid,37,True,7
rule_based,S0195,Dyslexia,11,True,7
rule_based,S0196,ADHD,18,True,7
rule_based,S0203,Dyslexia,32,True,7
rule_based,S0209,ADHD,9,True,7
rule_based,S0215,SLD_ADHD_Comorbid,6,True,7
rule_based,S0216,Dyslexia,15,True,7
rule_based,S0226,Dyslexia,42,True,7
rule_based,S0235,SLD_ADHD_Comorbid,15,True,7
rule_based,S0237,SLD_ADHD_Comorbid,37,True,7
rule_based,S0239,Dyslexia,34,True,7
rule_based,S0241,SLD_ADHD_Comorbid,37,True,7
rule_based,S0243,ADHD,32,True,7
rule_based,S0252,Dysgraphia,35,True,7
rule_based,S0254,Dyslexia,38,True,7
rule_based,S0255,SLD_ADHD_Comorbid,39,True,7
rule_based,S0264,Multi_SLD_Comorbid,12,True,7
rule_based,S0265,Dyslexia,35,True,7
rule_based,S0266,Dyscalculia,16,True,7
rule_based,S0276,Dyscalculia,39,True,7
rule_based,S0279,SLD_ADHD_Comorbid,35,True,7
rule_based,S0280,Dyslexia,17,True,7
rule_based,S0281,Dyslexia,12,True,7
rule_based,S0282,Dyslexia,12,True,7
rule_based,S0288,ADHD,32,True,7
rule_based,S0297,SLD_ADHD_Comorbid,32,True,7
rule_based,S0308,Dyscalculia,38,True,7
rule_based,S0313,Dyscalculia,15,True,7
rule_based,S0316,Dyscalculia,15,True,7
rule_based,S0317,ADHD,1,True,7
rule_based,S0319,Multi_SLD_Comorbid,33,True,7
rule_based,S0334,Dyslexia,34,True,7
rule_based,S0335,ADHD,12,True,7
rule_based,S0336,Dyslexia,41,True,7
rule_based,S0352,ADHD,10,True,7
rule_based,S0356,SLD_ADHD_Comorbid,16,True,7
rule_based,S0357,SLD_ADHD_Comorbid,14,True,7
rule_based,S0368,Dyscalculia,12,True,7
rule_based,S0369,SLD_ADHD_Comorbid,8,True,7
rule_based,S0373,Dyscalculia,31,True,7
rule_based,S0386,SLD_ADHD_Comorbid,32,True,7
rule_based,S0388,Dyslexia,15,True,7
rule_based,S0393,ADHD,5,True,7
rule_based,S0396,SLD_ADHD_Comorbid,29,True,7
push_only,S0001,Dysgraphia,8,True,7
push_only,S0003,ADHD,14,True,7
push_only,S0007,SLD_ADHD_Comorbid,12,True,7
push_only,S0015,Dyslexia,15,True,7
push_only,S0022,Multi_SLD_Comorbid,4,True,7
push_only,S0025,Dyslexia,14,True,7
push_only,S0026,Dysgraphia,20,True,7
push_only,S0030,SLD_ADHD_Comorbid,12,True,7
push_only,S0037,Dysgraphia,14,True,7
push_only,S0043,Dyscalculia,14,True,7
push_only,S0049,Dyslexia,25,True,7
push_only,S0050,Dyslexia,14,True,7
push_only,S0064,ADHD,10,True,7
push_only,S0068,Dyslexia,11,True,7
push_only,S0071,Dysgraphia,6,True,7
push_only,S0072,SLD_ADHD_Comorbid,13,True,7
push_only,S0074,Dyslexia,19,True,7
push_only,S0076,Dyscalculia,17,True,7
push_only,S0083,Dyslexia,17,True,7
push_only,S0086,SLD_ADHD_Comorbid,14,True,7
push_only,S0087,Dysgraphia,13,True,7
push_only,S0104,SLD_ADHD_Comorbid,6,True,7
push_only,S0109,Multi_SLD_Comorbid,14,True,7
push_only,S0115,SLD_ADHD_Comorbid,13,True,7
push_only,S0121,ADHD,16,True,7
push_only,S0126,Dyscalculia,16,True,7
push_only,S0129,ADHD,13,True,7
push_only,S0133,Dyscalculia,15,True,7
push_only,S0136,Multi_SLD_Comorbid,16,True,7
push_only,S0141,Dysgraphia,15,True,7
push_only,S0143,ADHD,5,True,7
push_only,S0144,Dysgraphia,7,True,7
push_only,S0153,ADHD,4,True,7
push_only,S0155,ADHD,1,True,7
push_only,S0156,Dyscalculia,16,True,7
push_only,S0166,SLD_ADHD_Comorbid,19,True,7
push_only,S0178,SLD_ADHD_Comorbid,17,True,7
push_only,S0195,Dyslexia,6,True,7
push_only,S0196,ADHD,13,True,7
push_only,S0203,Dyslexia,14,True,7
push_only,S0209,ADHD,6,True,7
push_only,S0215,SLD_ADHD_Comorbid,4,True,7
push_only,S0216,Dyslexia,13,True,7
push_only,S0226,Dyslexia,24,True,7
push_only,S0235,SLD_ADHD_Comorbid,13,True,7
push_only,S0237,SLD_ADHD_Comorbid,18,True,7
push_only,S0239,Dyslexia,16,True,7
push_only,S0241,SLD_ADHD_Comorbid,20,True,7
push_only,S0243,ADHD,15,True,7
push_only,S0252,Dysgraphia,17,True,7
push_only,S0254,Dyslexia,18,True,7
push_only,S0255,SLD_ADHD_Comorbid,18,True,7
push_only,S0264,Multi_SLD_Comorbid,7,True,7
push_only,S0265,Dyslexia,16,True,7
push_only,S0266,Dyscalculia,15,True,7
push_only,S0276,Dyscalculia,22,True,7
push_only,S0279,SLD_ADHD_Comorbid,15,True,7
push_only,S0280,Dyslexia,14,True,7
push_only,S0281,Dyslexia,8,True,7
push_only,S0282,Dyslexia,8,True,7
push_only,S0288,ADHD,13,True,7
push_only,S0297,SLD_ADHD_Comorbid,15,True,7
push_only,S0308,Dyscalculia,19,True,7
push_only,S0313,Dyscalculia,10,True,7
push_only,S0316,Dyscalculia,12,True,7
push_only,S0317,ADHD,1,True,7
push_only,S0319,Multi_SLD_Comorbid,15,True,7
push_only,S0334,Dyslexia,16,True,7
push_only,S0335,ADHD,6,True,7
push_only,S0336,Dyslexia,26,True,7
push_only,S0352,ADHD,5,True,7
push_only,S0356,SLD_ADHD_Comorbid,11,True,7
push_only,S0357,SLD_ADHD_Comorbid,11,True,7
push_only,S0368,Dyscalculia,9,True,7
push_only,S0369,SLD_ADHD_Comorbid,5,True,7
push_only,S0373,Dyscalculia,14,True,7
push_only,S0386,SLD_ADHD_Comorbid,15,True,7
push_only,S0388,Dyslexia,11,True,7
push_only,S0393,ADHD,3,True,7
push_only,S0396,SLD_ADHD_Comorbid,14,True,7
scale_full,S0001,Dysgraphia,10,True,218
scale_full,S0003,ADHD,17,True,218
scale_full,S0007,SLD_ADHD_Comorbid,14,True,218
scale_full,S0015,Dyslexia,22,True,218
scale_full,S0022,Multi_SLD_Comorbid,4,True,218
scale_full,S0025,Dyslexia,37,True,218
scale_full,S0026,Dysgraphia,20,True,218
scale_full,S0030,SLD_ADHD_Comorbid,16,True,218
scale_full,S0037,Dysgraphia,14,True,218
scale_full,S0043,Dyscalculia,15,True,218
scale_full,S0049,Dyslexia,31,True,218
scale_full,S0050,Dyslexia,17,True,218
scale_full,S0064,ADHD,10,True,218
scale_full,S0068,Dyslexia,11,True,218
scale_full,S0071,Dysgraphia,6,True,218
scale_full,S0072,SLD_ADHD_Comorbid,19,True,218
scale_full,S0074,Dyslexia,22,True,218
scale_full,S0076,Dyscalculia,24,True,218
scale_full,S0083,Dyslexia,19,True,218
scale_full,S0086,SLD_ADHD_Comorbid,14,True,218
scale_full,S0087,Dysgraphia,18,True,218
scale_full,S0104,SLD_ADHD_Comorbid,7,True,218
scale_full,S0109,Multi_SLD_Comorbid,14,True,218
scale_full,S0115,SLD_ADHD_Comorbid,14,True,218
scale_full,S0121,ADHD,17,True,218
scale_full,S0126,Dyscalculia,27,True,218
scale_full,S0129,ADHD,12,True,218
scale_full,S0133,Dyscalculia,24,True,218
scale_full,S0136,Multi_SLD_Comorbid,20,True,218
scale_full,S0141,Dysgraphia,19,True,218
scale_full,S0143,ADHD,7,True,218
scale_full,S0144,Dysgraphia,8,True,218
scale_full,S0153,ADHD,4,True,218
scale_full,S0155,ADHD,1,True,218
scale_full,S0156,Dyscalculia,18,True,218
scale_full,S0166,SLD_ADHD_Comorbid,25,True,218
scale_full,S0178,SLD_ADHD_Comorbid,21,True,218
scale_full,S0195,Dyslexia,6,True,218
scale_full,S0196,ADHD,14,True,218
scale_full,S0203,Dyslexia,15,True,218
scale_full,S0209,ADHD,5,True,218
scale_full,S0215,SLD_ADHD_Comorbid,4,True,218
scale_full,S0216,Dyslexia,14,True,218
scale_full,S0226,Dyslexia,27,True,218
scale_full,S0235,SLD_ADHD_Comorbid,13,True,218
scale_full,S0237,SLD_ADHD_Comorbid,19,True,218
scale_full,S0239,Dyslexia,22,True,218
scale_full,S0241,SLD_ADHD_Comorbid,19,True,218
scale_full,S0243,ADHD,22,True,218
scale_full,S0252,Dysgraphia,19,True,218
scale_full,S0254,Dyslexia,19,True,218
scale_full,S0255,SLD_ADHD_Comorbid,18,True,218
scale_full,S0264,Multi_SLD_Comorbid,8,True,218
scale_full,S0265,Dyslexia,20,True,218
scale_full,S0266,Dyscalculia,14,True,218
scale_full,S0276,Dyscalculia,20,True,218
scale_full,S0279,SLD_ADHD_Comorbid,16,True,218
scale_full,S0280,Dyslexia,16,True,218
scale_full,S0281,Dyslexia,10,True,218
scale_full,S0282,Dyslexia,8,True,218
scale_full,S0288,ADHD,16,True,218
scale_full,S0297,SLD_ADHD_Comorbid,21,True,218
scale_full,S0308,Dyscalculia,29,True,218
scale_full,S0313,Dyscalculia,9,True,218
scale_full,S0316,Dyscalculia,14,True,218
scale_full,S0317,ADHD,1,True,218
scale_full,S0319,Multi_SLD_Comorbid,19,True,218
scale_full,S0334,Dyslexia,17,True,218
scale_full,S0335,ADHD,10,True,218
scale_full,S0336,Dyslexia,29,True,218
scale_full,S0352,ADHD,8,True,218
scale_full,S0356,SLD_ADHD_Comorbid,11,True,218
scale_full,S0357,SLD_ADHD_Comorbid,11,True,218
scale_full,S0368,Dyscalculia,9,True,218
scale_full,S0369,SLD_ADHD_Comorbid,5,True,218
scale_full,S0373,Dyscalculia,18,True,218
scale_full,S0386,SLD_ADHD_Comorbid,18,True,218
scale_full,S0388,Dyslexia,11,True,218
scale_full,S0393,ADHD,3,True,218
scale_full,S0396,SLD_ADHD_Comorbid,15,True,218
rule_based,S0001,Dysgraphia,12,True,218
rule_based,S0003,ADHD,32,True,218
rule_based,S0007,SLD_ADHD_Comorbid,31,True,218
rule_based,S0015,Dyslexia,32,True,218
rule_based,S0022,Multi_SLD_Comorbid,8,True,218
rule_based,S0025,Dyslexia,33,True,218
rule_based,S0026,Dysgraphia,38,True,218
rule_based,S0030,SLD_ADHD_Comorbid,31,True,218
rule_based,S0037,Dysgraphia,32,True,218
rule_based,S0043,Dyscalculia,33,True,218
rule_based,S0049,Dyslexia,41,True,218
rule_based,S0050,Dyslexia,31,True,218
rule_based,S0064,ADHD,14,True,218
rule_based,S0068,Dyslexia,16,True,218
rule_based,S0071,Dysgraphia,11,True,218
rule_based,S0072,SLD_ADHD_Comorbid,31,True,218
rule_based,S0074,Dyslexia,39,True,218
rule_based,S0076,Dyscalculia,35,True,218
rule_based,S0083,Dyslexia,35,True,218
rule_based,S0086,SLD_ADHD_Comorbid,33,True,218
rule_based,S0087,Dysgraphia,31,True,218
rule_based,S0104,SLD_ADHD_Comorbid,11,True,218
rule_based,S0109,Multi_SLD_Comorbid,17,True,218
rule_based,S0115,SLD_ADHD_Comorbid,17,True,218
rule_based,S0121,ADHD,32,True,218
rule_based,S0126,Dyscalculia,32,True,218
rule_based,S0129,ADHD,18,True,218
rule_based,S0133,Dyscalculia,32,True,218
rule_based,S0136,Multi_SLD_Comorbid,36,True,218
rule_based,S0141,Dysgraphia,32,True,218
rule_based,S0143,ADHD,9,True,218
rule_based,S0144,Dysgraphia,13,True,218
rule_based,S0153,ADHD,8,True,218
rule_based,S0155,ADHD,1,True,218
rule_based,S0156,Dyscalculia,34,True,218
rule_based,S0166,SLD_ADHD_Comorbid,23,True,218
rule_based,S0178,SLD_ADHD_Comorbid,37,True,218
rule_based,S0195,Dyslexia,11,True,218
rule_based,S0196,ADHD,17,True,218
rule_based,S0203,Dyslexia,32,True,218
rule_based,S0209,ADHD,9,True,218
rule_based,S0215,SLD_ADHD_Comorbid,6,True,218
rule_based,S0216,Dyslexia,16,True,218
rule_based,S0226,Dyslexia,42,True,218
rule_based,S0235,SLD_ADHD_Comorbid,18,True,218
rule_based,S0237,SLD_ADHD_Comorbid,37,True,218
rule_based,S0239,Dyslexia,34,True,218
rule_based,S0241,SLD_ADHD_Comorbid,37,True,218
rule_based,S0243,ADHD,32,True,218
rule_based,S0252,Dysgraphia,35,True,218
rule_based,S0254,Dyslexia,38,True,218
rule_based,S0255,SLD_ADHD_Comorbid,39,True,218
rule_based,S0264,Multi_SLD_Comorbid,11,True,218
rule_based,S0265,Dyslexia,35,True,218
rule_based,S0266,Dyscalculia,18,True,218
rule_based,S0276,Dyscalculia,39,True,218
rule_based,S0279,SLD_ADHD_Comorbid,34,True,218
rule_based,S0280,Dyslexia,14,True,218
rule_based,S0281,Dyslexia,12,True,218
rule_based,S0282,Dyslexia,15,True,218
rule_based,S0288,ADHD,32,True,218
rule_based,S0297,SLD_ADHD_Comorbid,32,True,218
rule_based,S0308,Dyscalculia,38,True,218
rule_based,S0313,Dyscalculia,14,True,218
rule_based,S0316,Dyscalculia,14,True,218
rule_based,S0317,ADHD,1,True,218
rule_based,S0319,Multi_SLD_Comorbid,34,True,218
rule_based,S0334,Dyslexia,34,True,218
rule_based,S0335,ADHD,11,True,218
rule_based,S0336,Dyslexia,41,True,218
rule_based,S0352,ADHD,10,True,218
rule_based,S0356,SLD_ADHD_Comorbid,14,True,218
rule_based,S0357,SLD_ADHD_Comorbid,15,True,218
rule_based,S0368,Dyscalculia,14,True,218
rule_based,S0369,SLD_ADHD_Comorbid,8,True,218
rule_based,S0373,Dyscalculia,31,True,218
rule_based,S0386,SLD_ADHD_Comorbid,32,True,218
rule_based,S0388,Dyslexia,15,True,218
rule_based,S0393,ADHD,5,True,218
rule_based,S0396,SLD_ADHD_Comorbid,31,True,218
push_only,S0001,Dysgraphia,8,True,218
push_only,S0003,ADHD,13,True,218
push_only,S0007,SLD_ADHD_Comorbid,12,True,218
push_only,S0015,Dyslexia,15,True,218
push_only,S0022,Multi_SLD_Comorbid,4,True,218
push_only,S0025,Dyslexia,15,True,218
push_only,S0026,Dysgraphia,20,True,218
push_only,S0030,SLD_ADHD_Comorbid,12,True,218
push_only,S0037,Dysgraphia,14,True,218
push_only,S0043,Dyscalculia,15,True,218
push_only,S0049,Dyslexia,25,True,218
push_only,S0050,Dyslexia,14,True,218
push_only,S0064,ADHD,10,True,218
push_only,S0068,Dyslexia,11,True,218
push_only,S0071,Dysgraphia,6,True,218
push_only,S0072,SLD_ADHD_Comorbid,13,True,218
push_only,S0074,Dyslexia,19,True,218
push_only,S0076,Dyscalculia,17,True,218
push_only,S0083,Dyslexia,17,True,218
push_only,S0086,SLD_ADHD_Comorbid,14,True,218
push_only,S0087,Dysgraphia,13,True,218
push_only,S0104,SLD_ADHD_Comorbid,6,True,218
push_only,S0109,Multi_SLD_Comorbid,14,True,218
push_only,S0115,SLD_ADHD_Comorbid,13,True,218
push_only,S0121,ADHD,16,True,218
push_only,S0126,Dyscalculia,14,True,218
push_only,S0129,ADHD,13,True,218
push_only,S0133,Dyscalculia,15,True,218
push_only,S0136,Multi_SLD_Comorbid,16,True,218
push_only,S0141,Dysgraphia,15,True,218
push_only,S0143,ADHD,5,True,218
push_only,S0144,Dysgraphia,7,True,218
push_only,S0153,ADHD,4,True,218
push_only,S0155,ADHD,1,True,218
push_only,S0156,Dyscalculia,16,True,218
push_only,S0166,SLD_ADHD_Comorbid,19,True,218
push_only,S0178,SLD_ADHD_Comorbid,17,True,218
push_only,S0195,Dyslexia,6,True,218
push_only,S0196,ADHD,13,True,218
push_only,S0203,Dyslexia,14,True,218
push_only,S0209,ADHD,5,True,218
push_only,S0215,SLD_ADHD_Comorbid,4,True,218
push_only,S0216,Dyslexia,13,True,218
push_only,S0226,Dyslexia,24,True,218
push_only,S0235,SLD_ADHD_Comorbid,13,True,218
push_only,S0237,SLD_ADHD_Comorbid,18,True,218
push_only,S0239,Dyslexia,16,True,218
push_only,S0241,SLD_ADHD_Comorbid,19,True,218
push_only,S0243,ADHD,15,True,218
push_only,S0252,Dysgraphia,17,True,218
push_only,S0254,Dyslexia,18,True,218
push_only,S0255,SLD_ADHD_Comorbid,18,True,218
push_only,S0264,Multi_SLD_Comorbid,7,True,218
push_only,S0265,Dyslexia,16,True,218
push_only,S0266,Dyscalculia,14,True,218
push_only,S0276,Dyscalculia,21,True,218
push_only,S0279,SLD_ADHD_Comorbid,15,True,218
push_only,S0280,Dyslexia,13,True,218
push_only,S0281,Dyslexia,8,True,218
push_only,S0282,Dyslexia,8,True,218
push_only,S0288,ADHD,13,True,218
push_only,S0297,SLD_ADHD_Comorbid,15,True,218
push_only,S0308,Dyscalculia,19,True,218
push_only,S0313,Dyscalculia,10,True,218
push_only,S0316,Dyscalculia,12,True,218
push_only,S0317,ADHD,1,True,218
push_only,S0319,Multi_SLD_Comorbid,15,True,218
push_only,S0334,Dyslexia,17,True,218
push_only,S0335,ADHD,6,True,218
push_only,S0336,Dyslexia,26,True,218
push_only,S0352,ADHD,5,True,218
push_only,S0356,SLD_ADHD_Comorbid,11,True,218
push_only,S0357,SLD_ADHD_Comorbid,11,True,218
push_only,S0368,Dyscalculia,9,True,218
push_only,S0369,SLD_ADHD_Comorbid,5,True,218
push_only,S0373,Dyscalculia,14,True,218
push_only,S0386,SLD_ADHD_Comorbid,14,True,218
push_only,S0388,Dyslexia,11,True,218
push_only,S0393,ADHD,3,True,218
push_only,S0396,SLD_ADHD_Comorbid,14,True,218
scale_full,S0001,Dysgraphia,9,True,429
scale_full,S0003,ADHD,33,True,429
scale_full,S0007,SLD_ADHD_Comorbid,13,True,429
scale_full,S0015,Dyslexia,15,True,429
scale_full,S0022,Multi_SLD_Comorbid,5,True,429
scale_full,S0025,Dyslexia,31,True,429
scale_full,S0026,Dysgraphia,21,True,429
scale_full,S0030,SLD_ADHD_Comorbid,18,True,429
scale_full,S0037,Dysgraphia,18,True,429
scale_full,S0043,Dyscalculia,15,True,429
scale_full,S0049,Dyslexia,23,True,429
scale_full,S0050,Dyslexia,20,True,429
scale_full,S0064,ADHD,9,True,429
scale_full,S0068,Dyslexia,10,True,429
scale_full,S0071,Dysgraphia,6,True,429
scale_full,S0072,SLD_ADHD_Comorbid,15,True,429
scale_full,S0074,Dyslexia,19,True,429
scale_full,S0076,Dyscalculia,20,True,429
scale_full,S0083,Dyslexia,24,True,429
scale_full,S0086,SLD_ADHD_Comorbid,14,True,429
scale_full,S0087,Dysgraphia,20,True,429
scale_full,S0104,SLD_ADHD_Comorbid,7,True,429
scale_full,S0109,Multi_SLD_Comorbid,20,True,429
scale_full,S0115,SLD_ADHD_Comorbid,12,True,429
scale_full,S0121,ADHD,21,True,429
scale_full,S0126,Dyscalculia,25,True,429
scale_full,S0129,ADHD,13,True,429
scale_full,S0133,Dyscalculia,24,True,429
scale_full,S0136,Multi_SLD_Comorbid,21,True,429
scale_full,S0141,Dysgraphia,20,True,429
scale_full,S0143,ADHD,8,True,429
scale_full,S0144,Dysgraphia,7,True,429
scale_full,S0153,ADHD,4,True,429
scale_full,S0155,ADHD,2,True,429
scale_full,S0156,Dyscalculia,19,True,429
scale_full,S0166,SLD_ADHD_Comorbid,30,True,429
scale_full,S0178,SLD_ADHD_Comorbid,24,True,429
scale_full,S0195,Dyslexia,9,True,429
scale_full,S0196,ADHD,14,True,429
scale_full,S0203,Dyslexia,14,True,429
scale_full,S0209,ADHD,5,True,429
scale_full,S0215,SLD_ADHD_Comorbid,4,True,429
scale_full,S0216,Dyslexia,12,True,429
scale_full,S0226,Dyslexia,29,True,429
scale_full,S0235,SLD_ADHD_Comorbid,12,True,429
scale_full,S0237,SLD_ADHD_Comorbid,17,True,429
scale_full,S0239,Dyslexia,18,True,429
scale_full,S0241,SLD_ADHD_Comorbid,21,True,429
scale_full,S0243,ADHD,21,True,429
scale_full,S0252,Dysgraphia,18,True,429
scale_full,S0254,Dyslexia,19,True,429
scale_full,S0255,SLD_ADHD_Comorbid,18,True,429
scale_full,S0264,Multi_SLD_Comorbid,8,True,429
scale_full,S0265,Dyslexia,21,True,429
scale_full,S0266,Dyscalculia,14,True,429
scale_full,S0276,Dyscalculia,31,True,429
scale_full,S0279,SLD_ADHD_Comorbid,20,True,429
scale_full,S0280,Dyslexia,12,True,429
scale_full,S0281,Dyslexia,8,True,429
scale_full,S0282,Dyslexia,10,True,429
scale_full,S0288,ADHD,15,True,429
scale_full,S0297,SLD_ADHD_Comorbid,20,True,429
scale_full,S0308,Dyscalculia,25,True,429
scale_full,S0313,Dyscalculia,10,True,429
scale_full,S0316,Dyscalculia,11,True,429
scale_full,S0317,ADHD,1,True,429
scale_full,S0319,Multi_SLD_Comorbid,32,True,429
scale_full,S0334,Dyslexia,19,True,429
scale_full,S0335,ADHD,9,True,429
scale_full,S0336,Dyslexia,29,True,429
scale_full,S0352,ADHD,5,True,429
scale_full,S0356,SLD_ADHD_Comorbid,11,True,429
scale_full,S0357,SLD_ADHD_Comorbid,10,True,429
scale_full,S0368,Dyscalculia,11,True,429
scale_full,S0369,SLD_ADHD_Comorbid,6,True,429
scale_full,S0373,Dyscalculia,19,True,429
scale_full,S0386,SLD_ADHD_Comorbid,15,True,429
scale_full,S0388,Dyslexia,11,True,429
scale_full,S0393,ADHD,3,True,429
scale_full,S0396,SLD_ADHD_Comorbid,17,True,429
rule_based,S0001,Dysgraphia,13,True,429
rule_based,S0003,ADHD,32,True,429
rule_based,S0007,SLD_ADHD_Comorbid,31,True,429
rule_based,S0015,Dyslexia,32,True,429
rule_based,S0022,Multi_SLD_Comorbid,8,True,429
rule_based,S0025,Dyslexia,33,True,429
rule_based,S0026,Dysgraphia,38,True,429
rule_based,S0030,SLD_ADHD_Comorbid,31,True,429
rule_based,S0037,Dysgraphia,32,True,429
rule_based,S0043,Dyscalculia,33,True,429
rule_based,S0049,Dyslexia,41,True,429
rule_based,S0050,Dyslexia,31,True,429
rule_based,S0064,ADHD,14,True,429
rule_based,S0068,Dyslexia,15,True,429
rule_based,S0071,Dysgraphia,11,True,429
rule_based,S0072,SLD_ADHD_Comorbid,31,True,429
rule_based,S0074,Dyslexia,39,True,429
rule_based,S0076,Dyscalculia,35,True,429
rule_based,S0083,Dyslexia,35,True,429
rule_based,S0086,SLD_ADHD_Comorbid,33,True,429
rule_based,S0087,Dysgraphia,31,True,429
rule_based,S0104,SLD_ADHD_Comorbid,10,True,429
rule_based,S0109,Multi_SLD_Comorbid,31,True,429
rule_based,S0115,SLD_ADHD_Comorbid,16,True,429
rule_based,S0121,ADHD,34,True,429
rule_based,S0126,Dyscalculia,32,True,429
rule_based,S0129,ADHD,16,True,429
rule_based,S0133,Dyscalculia,32,True,429
rule_based,S0136,Multi_SLD_Comorbid,36,True,429
rule_based,S0141,Dysgraphia,32,True,429
rule_based,S0143,ADHD,9,True,429
rule_based,S0144,Dysgraphia,11,True,429
rule_based,S0153,ADHD,8,True,429
rule_based,S0155,ADHD,1,True,429
rule_based,S0156,Dyscalculia,35,True,429
rule_based,S0166,SLD_ADHD_Comorbid,38,True,429
rule_based,S0178,SLD_ADHD_Comorbid,37,True,429
rule_based,S0195,Dyslexia,9,True,429
rule_based,S0196,ADHD,15,True,429
rule_based,S0203,Dyslexia,32,True,429
rule_based,S0209,ADHD,9,True,429
rule_based,S0215,SLD_ADHD_Comorbid,6,True,429
rule_based,S0216,Dyslexia,16,True,429
rule_based,S0226,Dyslexia,42,True,429
rule_based,S0235,SLD_ADHD_Comorbid,16,True,429
rule_based,S0237,SLD_ADHD_Comorbid,37,True,429
rule_based,S0239,Dyslexia,34,True,429
rule_based,S0241,SLD_ADHD_Comorbid,37,True,429
rule_based,S0243,ADHD,32,True,429
rule_based,S0252,Dysgraphia,35,True,429
rule_based,S0254,Dyslexia,38,True,429
rule_based,S0255,SLD_ADHD_Comorbid,39,True,429
rule_based,S0264,Multi_SLD_Comorbid,12,True,429
rule_based,S0265,Dyslexia,35,True,429
rule_based,S0266,Dyscalculia,17,True,429
rule_based,S0276,Dyscalculia,39,True,429
rule_based,S0279,SLD_ADHD_Comorbid,35,True,429
rule_based,S0280,Dyslexia,14,True,429
rule_based,S0281,Dyslexia,12,True,429
rule_based,S0282,Dyslexia,13,True,429
rule_based,S0288,ADHD,32,True,429
rule_based,S0297,SLD_ADHD_Comorbid,32,True,429
rule_based,S0308,Dyscalculia,38,True,429
rule_based,S0313,Dyscalculia,16,True,429
rule_based,S0316,Dyscalculia,14,True,429
rule_based,S0317,ADHD,1,True,429
rule_based,S0319,Multi_SLD_Comorbid,33,True,429
rule_based,S0334,Dyslexia,34,True,429
rule_based,S0335,ADHD,9,True,429
rule_based,S0336,Dyslexia,41,True,429
rule_based,S0352,ADHD,10,True,429
rule_based,S0356,SLD_ADHD_Comorbid,13,True,429
rule_based,S0357,SLD_ADHD_Comorbid,15,True,429
rule_based,S0368,Dyscalculia,16,True,429
rule_based,S0369,SLD_ADHD_Comorbid,8,True,429
rule_based,S0373,Dyscalculia,31,True,429
rule_based,S0386,SLD_ADHD_Comorbid,32,True,429
rule_based,S0388,Dyslexia,17,True,429
rule_based,S0393,ADHD,5,True,429
rule_based,S0396,SLD_ADHD_Comorbid,31,True,429
push_only,S0001,Dysgraphia,8,True,429
push_only,S0003,ADHD,14,True,429
push_only,S0007,SLD_ADHD_Comorbid,12,True,429
push_only,S0015,Dyslexia,15,True,429
push_only,S0022,Multi_SLD_Comorbid,4,True,429
push_only,S0025,Dyslexia,14,True,429
push_only,S0026,Dysgraphia,19,True,429
push_only,S0030,SLD_ADHD_Comorbid,12,True,429
push_only,S0037,Dysgraphia,14,True,429
push_only,S0043,Dyscalculia,15,True,429
push_only,S0049,Dyslexia,23,True,429
push_only,S0050,Dyslexia,14,True,429
push_only,S0064,ADHD,10,True,429
push_only,S0068,Dyslexia,11,True,429
push_only,S0071,Dysgraphia,6,True,429
push_only,S0072,SLD_ADHD_Comorbid,13,True,429
push_only,S0074,Dyslexia,19,True,429
push_only,S0076,Dyscalculia,17,True,429
push_only,S0083,Dyslexia,17,True,429
push_only,S0086,SLD_ADHD_Comorbid,14,True,429
push_only,S0087,Dysgraphia,13,True,429
push_only,S0104,SLD_ADHD_Comorbid,6,True,429
push_only,S0109,Multi_SLD_Comorbid,14,True,429
push_only,S0115,SLD_ADHD_Comorbid,13,True,429
push_only,S0121,ADHD,16,True,429
push_only,S0126,Dyscalculia,15,True,429
push_only,S0129,ADHD,13,True,429
push_only,S0133,Dyscalculia,15,True,429
push_only,S0136,Multi_SLD_Comorbid,16,True,429
push_only,S0141,Dysgraphia,15,True,429
push_only,S0143,ADHD,5,True,429
push_only,S0144,Dysgraphia,7,True,429
push_only,S0153,ADHD,4,True,429
push_only,S0155,ADHD,1,True,429
push_only,S0156,Dyscalculia,16,True,429
push_only,S0166,SLD_ADHD_Comorbid,19,True,429
push_only,S0178,SLD_ADHD_Comorbid,20,True,429
push_only,S0195,Dyslexia,6,True,429
push_only,S0196,ADHD,13,True,429
push_only,S0203,Dyslexia,14,True,429
push_only,S0209,ADHD,5,True,429
push_only,S0215,SLD_ADHD_Comorbid,4,True,429
push_only,S0216,Dyslexia,13,True,429
push_only,S0226,Dyslexia,24,True,429
push_only,S0235,SLD_ADHD_Comorbid,13,True,429
push_only,S0237,SLD_ADHD_Comorbid,18,True,429
push_only,S0239,Dyslexia,16,True,429
push_only,S0241,SLD_ADHD_Comorbid,19,True,429
push_only,S0243,ADHD,15,True,429
push_only,S0252,Dysgraphia,18,True,429
push_only,S0254,Dyslexia,19,True,429
push_only,S0255,SLD_ADHD_Comorbid,18,True,429
push_only,S0264,Multi_SLD_Comorbid,7,True,429
push_only,S0265,Dyslexia,16,True,429
push_only,S0266,Dyscalculia,14,True,429
push_only,S0276,Dyscalculia,21,True,429
push_only,S0279,SLD_ADHD_Comorbid,15,True,429
push_only,S0280,Dyslexia,14,True,429
push_only,S0281,Dyslexia,8,True,429
push_only,S0282,Dyslexia,8,True,429
push_only,S0288,ADHD,13,True,429
push_only,S0297,SLD_ADHD_Comorbid,15,True,429
push_only,S0308,Dyscalculia,19,True,429
push_only,S0313,Dyscalculia,11,True,429
push_only,S0316,Dyscalculia,12,True,429
push_only,S0317,ADHD,1,True,429
push_only,S0319,Multi_SLD_Comorbid,15,True,429
push_only,S0334,Dyslexia,16,True,429
push_only,S0335,ADHD,6,True,429
push_only,S0336,Dyslexia,27,True,429
push_only,S0352,ADHD,5,True,429
push_only,S0356,SLD_ADHD_Comorbid,11,True,429
push_only,S0357,SLD_ADHD_Comorbid,10,True,429
push_only,S0368,Dyscalculia,9,True,429
push_only,S0369,SLD_ADHD_Comorbid,5,True,429
push_only,S0373,Dyscalculia,14,True,429
push_only,S0386,SLD_ADHD_Comorbid,15,True,429
push_only,S0388,Dyslexia,12,True,429
push_only,S0393,ADHD,3,True,429
push_only,S0396,SLD_ADHD_Comorbid,15,True,429
